39,2018-540-a678-i186,/en/scores/2018/540/MS002/match-stats,06:36:00,396,49,4,198,278,166,198,47,80,3,5,213,278,47,218,38,73,4,11,48,48,85,291,298,569,53,6,218,291,171,218,35,73,7,11,206,291,32,198,33,80,2,5,48,48,65,278,271,569
39,2018-540-d643-a678,/en/scores/2018/540/MS001/match-stats,02:19:00,139,6,4,68,94,52,68,17,26,7,7,69,94,15,49,16,31,4,4,14,14,31,80,100,174,10,5,49,80,34,49,15,31,0,4,49,80,16,68,9,26,0,7,14,14,25,94,74,174
39,2018-540-d643-n409,/en/scores/2018/540/MS003/match-stats,05:15:00,315,23,4,125,176,95,125,24,51,7,11,119,176,50,150,26,60,4,19,28,30,76,210,195,386,9,4,150,210,100,150,34,60,15,19,134,210,30,125,27,51,4,11,30,28,57,176,191,386
39,2018-540-a678-f324,/en/scores/2018/540/MS004/match-stats,04:14:00,254,27,3,139,208,106,139,36,69,9,12,142,208,26,123,22,54,4,7,33,33,48,177,190,385,17,1,123,177,97,123,32,54,3,7,129,177,33,139,33,69,3,12,33,33,66,208,195,385
39,2018-540-n409-d683,/en/scores/2018/540/MS007/match-stats,04:48:00,288,3,5,116,166,86,116,31,50,5,7,117,166,25,111,35,64,4,10,27,27,60,175,177,341,33,7,111,175,86,111,29,64,6,10,115,175,30,116,19,50,2,7,27,27,49,166,164,341
39,2018-540-i186-r975,/en/scores/2018/540/MS005/match-stats,02:42:00,162,26,4,87,120,78,87,18,33,1,1,96,120,19,93,19,40,3,6,21,22,38,133,134,253,32,6,93,133,74,93,21,40,3,6,95,133,9,87,15,33,0,1,22,21,24,120,119,253
39,2018-540-d643-n552,/en/scores/2018/540/MS006/match-stats,02:35:00,155,6,3,61,91,52,61,12,30,4,7,64,91,33,80,21,37,7,14,17,17,54,117,118,208,3,1,80,117,47,80,16,37,7,14,63,117,9,61,18,30,3,7,17,17,27,91,90,208
39,2018-540-n409-v708,/en/scores/2018/540/MS015/match-stats,01:53:00,113,9,1,50,73,39,50,17,23,0,1,56,73,22,53,14,31,5,8,14,14,36,84,92,157,8,2,53,84,31,53,17,31,3,8,48,84,11,50,6,23,1,1,14,14,17,73,65,157
39,2018-540-d683-sd32,/en/scores/2018/540/MS014/match-stats,04:24:00,264,27,4,111,169,83,111,27,58,10,15,110,169,27,116,53,85,4,20,24,24,80,201,190,370,13,5,116,201,89,116,32,85,16,20,121,201,28,111,31,58,5,15,24,24,59,169,180,370
39,2018-540-f324-me82,/en/scores/2018/540/MS008/match-stats,01:45:00,105,13,0,51,76,46,51,13,25,4,4,59,76,35,77,12,23,5,12,14,14,47,100,106,176,6,2,77,100,42,77,11,23,7,12,53,100,5,51,12,25,0,4,14,14,17,76,70,176
39,2018-540-i186-te51,/en/scores/2018/540/MS011/match-stats,02:06:00,126,22,2,77,100,68,77,14,23,1,1,82,100,13,65,17,44,1,3,17,17,30,109,112,209,18,5,65,109,52,65,27,44,2,3,79,109,9,77,9,23,0,1,17,17,18,100,97,209
39,2018-540-a678-mc65,/en/scores/2018/540/MS009/match-stats,03:29:00,209,20,6,103,158,84,103,30,55,1,5,114,158,28,116,26,49,3,12,24,24,54,165,168,323,9,4,116,165,88,116,23,49,9,12,111,165,19,103,25,55,4,5,24,24,44,158,155,323
39,2018-540-d643-ke29,/en/scores/2018/540/MS012/match-stats,01:46:00,106,2,1,46,65,36,46,11,19,1,3,47,65,22,50,21,34,7,14,13,13,43,84,90,149,4,1,50,84,28,50,13,34,7,14,41,84,10,46,8,19,2,3,13,13,18,65,59,149
39,2018-540-r975-mk66,/en/scores/2018/540/MS010/match-stats,02:31:00,151,37,6,71,107,63,71,21,36,0,0,84,107,27,84,18,40,4,14,20,19,45,124,129,231,5,6,84,124,57,84,22,40,10,14,79,124,8,71,15,36,0,0,19,20,23,107,102,231
39,2018-540-n409-dh58,/en/scores/2018/540/MS031/match-stats,02:02:00,122,5,1,44,76,34,44,23,32,3,3,57,76,17,43,17,34,5,12,13,12,34,77,91,153,8,5,43,77,26,43,17,34,7,12,43,77,10,44,9,32,0,3,12,13,19,76,62,153
39,2018-540-g858-z355,/en/scores/2018/540/MS027/match-stats,03:20:00,200,18,8,109,157,80,109,28,48,10,13,108,157,22,80,19,47,5,6,25,24,41,127,149,284,8,5,80,127,58,80,28,47,1,6,86,127,29,109,20,48,3,13,24,25,49,157,135,284
39,2018-540-n552-g858,/en/scores/2018/540/MS013/match-stats,03:28:00,208,7,7,96,147,76,96,27,51,7,8,103,147,19,79,22,53,2,8,21,20,41,132,144,279,18,4,79,132,60,79,31,53,6,8,91,132,20,96,24,51,1,8,20,21,44,147,135,279
39,2018-540-f324-sl28,/en/scores/2018/540/MS016/match-stats,01:34:00,94,10,2,40,74,37,40,23,34,0,0,60,74,19,56,23,44,4,14,15,14,42,100,102,174,11,6,56,100,37,56,21,44,10,14,58,100,3,40,11,34,0,0,14,15,14,74,72,174
39,2018-540-a678-k435,/en/scores/2018/540/MS019/match-stats,02:07:00,127,22,4,61,88,53,61,15,27,3,4,68,88,24,59,13,38,4,7,17,16,37,97,105,185,5,3,59,97,35,59,25,38,3,7,60,97,8,61,12,27,1,4,16,17,20,88,80,185
39,2018-540-d683-pd31,/en/scores/2018/540/MS028/match-stats,02:24:00,144,7,6,55,96,44,55,20,41,3,6,64,96,12,47,26,46,5,12,16,15,38,93,102,189,10,5,47,93,35,47,20,46,7,12,55,93,11,55,21,41,3,6,15,16,32,96,87,189
39,2018-540-i186-a829,/en/scores/2018/540/MS022/match-stats,01:36:00,96,21,3,60,73,50,60,7,13,0,0,57,73,19,53,11,24,4,4,14,14,30,77,87,150,1,2,53,77,34,53,13,24,0,4,47,77,10,60,6,13,0,0,14,14,16,73,63,150
39,2018-540-mc65-q927,/en/scores/2018/540/MS018/match-stats,02:08:00,128,18,2,83,109,64,83,16,26,1,2,80,109,17,69,20,43,4,9,20,20,37,112,117,221,22,2,69,112,52,69,23,43,5,9,75,112,19,83,10,26,1,2,20,20,29,109,104,221
39,2018-540-r975-db59,/en/scores/2018/540/MS021/match-stats,02:32:00,152,28,3,76,109,66,76,21,33,3,5,87,109,38,110,18,36,4,11,21,21,56,146,143,255,7,2,110,146,72,110,18,36,7,11,90,146,10,76,12,33,2,5,21,21,22,109,112,255
39,2018-540-v708-f510,/en/scores/2018/540/MS030/match-stats,02:54:00,174,17,2,98,132,73,98,20,34,13,14,93,132,22,86,27,44,3,6,19,19,49,130,142,262,5,4,86,130,64,86,17,44,3,6,81,130,25,98,14,34,1,14,19,19,39,132,120,262
39,2018-540-n552-ke17,/en/scores/2018/540/MS026/match-stats,01:37:00,97,7,1,60,86,48,60,18,26,0,1,66,86,14,52,15,29,4,8,15,14,29,81,95,167,13,4,52,81,38,52,14,29,4,8,52,81,12,60,8,26,1,1,14,15,20,86,72,167
39,2018-540-d643-e831,/en/scores/2018/540/MS025/match-stats,02:54:00,174,18,2,77,104,63,77,15,27,4,5,78,104,28,81,27,54,4,17,19,18,55,135,133,239,11,4,81,135,53,81,27,54,13,17,80,135,14,77,12,27,1,5,18,19,26,104,106,239
39,2018-540-te51-f586,/en/scores/2018/540/MS023/match-stats,01:31:00,91,11,3,51,75,37,51,11,24,3,6,48,75,23,44,15,24,8,12,13,12,38,68,86,143,1,4,44,68,21,44,9,24,4,12,30,68,14,51,13,24,3,6,12,13,27,75,57,143
39,2018-540-mk66-pc11,/en/scores/2018/540/MS020/match-stats,02:01:00,121,11,2,74,104,60,74,16,30,2,2,76,104,13,64,15,31,2,4,16,16,28,95,104,199,14,0,64,95,51,64,16,31,2,4,67,95,14,74,14,30,0,2,16,16,28,104,95,199
39,2018-540-me82-mm58,/en/scores/2018/540/MS017/match-stats,03:12:00,192,8,1,93,139,64,93,22,46,4,11,86,139,24,76,40,68,9,14,25,25,64,144,150,283,12,4,76,144,52,76,28,68,5,14,80,144,29,93,24,46,7,11,25,25,53,139,133,283
39,2018-540-ke29-td51,/en/scores/2018/540/MS024/match-stats,02:57:00,177,33,9,94,137,76,94,20,43,3,5,96,137,25,92,39,69,5,12,23,24,64,161,160,298,11,10,92,161,67,92,30,69,7,12,97,161,18,94,23,43,2,5,24,23,41,137,138,298
39,2018-540-sd32-e690,/en/scores/2018/540/MS029/match-stats,02:51:00,171,7,2,93,139,66,93,29,46,7,8,95,139,24,91,24,42,4,11,21,19,48,133,143,272,15,12,91,133,67,91,18,42,7,11,85,133,27,93,17,46,1,8,19,21,44,139,129,272
39,2018-540-n409-k926,/en/scores/2018/540/MS063/match-stats,02:23:00,143,5,3,67,101,43,67,24,34,11,13,67,101,27,65,12,25,5,13,15,14,39,90,106,191,3,1,65,90,38,65,13,25,8,13,51,90,24,67,10,34,2,13,14,15,34,101,85,191
39,2018-540-pc11-c977,/en/scores/2018/540/MS040/match-stats,03:13:00,193,14,0,96,143,63,96,31,47,7,13,94,143,19,93,27,54,4,13,25,25,46,147,140,290,27,8,93,147,74,93,27,54,9,13,101,147,33,96,16,47,6,13,25,25,49,143,150,290
39,2018-540-f324-l797,/en/scores/2018/540/MS032/match-stats,01:30:00,90,16,0,43,61,40,43,12,18,0,0,52,61,18,53,21,37,5,9,13,14,39,90,91,151,6,4,53,90,35,53,16,37,4,9,51,90,3,43,6,18,0,0,14,13,9,61,60,151
39,2018-540-d683-l397,/en/scores/2018/540/MS056/match-stats,01:35:00,95,13,1,32,53,31,32,17,21,0,0,48,53,15,43,26,43,6,11,12,13,41,86,89,139,10,5,43,86,28,43,17,43,5,11,45,86,1,32,4,21,0,0,13,12,5,53,50,139
39,2018-540-a678-sa93,/en/scores/2018/540/MS039/match-stats,02:39:00,159,34,3,83,127,70,83,23,44,4,5,93,127,24,88,26,46,4,10,21,19,50,134,143,261,8,4,88,134,64,88,20,46,6,10,84,134,13,83,21,44,1,5,19,21,34,127,118,261
39,2018-540-z355-fb98,/en/scores/2018/540/MS055/match-stats,03:12:00,192,11,3,100,148,78,100,26,48,6,7,104,148,12,83,44,68,5,16,25,24,56,151,160,299,13,9,83,151,71,83,24,68,11,16,95,151,22,100,22,48,1,7,24,25,44,148,139,299
39,2018-540-d643-z184,/en/scores/2018/540/MS051/match-stats,01:31:00,91,15,0,46,61,41,46,8,15,3,3,49,61,18,52,22,29,6,13,12,12,40,81,89,142,7,5,52,81,34,52,7,29,7,13,41,81,5,46,7,15,0,3,12,12,12,61,53,142
39,2018-540-q927-sc77,/en/scores/2018/540/MS036/match-stats,01:49:00,109,17,5,60,93,54,60,15,33,2,2,69,93,18,69,22,36,3,5,15,15,40,105,109,198,8,4,69,105,51,69,14,36,2,5,65,105,6,60,18,33,0,2,15,15,24,93,89,198
39,2018-540-i186-be54,/en/scores/2018/540/MS044/match-stats,03:46:00,226,64,3,121,154,97,121,20,33,3,3,117,154,30,113,29,65,4,10,27,26,59,178,176,332,7,5,113,178,83,113,36,65,6,10,119,178,24,121,13,33,0,3,26,27,37,154,156,332
39,2018-540-r975-mh30,/en/scores/2018/540/MS043/match-stats,02:38:00,158,34,5,80,115,68,80,19,35,1,2,87,115,23,82,14,39,1,4,18,18,37,121,124,236,3,1,82,121,59,82,25,39,3,4,84,121,12,80,16,35,1,2,18,18,28,115,112,236
39,2018-540-db59-pf39,/en/scores/2018/540/MS042/match-stats,02:56:00,176,16,5,109,163,78,109,33,54,7,10,111,163,31,98,25,50,6,11,24,23,56,148,167,311,13,6,98,148,67,98,25,50,5,11,92,148,31,109,21,54,3,10,23,24,52,163,144,311
39,2018-540-v708-sm37,/en/scores/2018/540/MS060/match-stats,02:13:00,133,17,7,74,111,54,74,17,37,7,9,71,111,23,60,10,27,4,6,16,15,33,87,104,198,7,1,60,87,37,60,17,27,2,6,54,87,20,74,20,37,2,9,15,16,40,111,94,198
39,2018-540-ke17-h756,/en/scores/2018/540/MS052/match-stats,01:36:00,96,19,9,47,80,43,47,18,33,2,4,61,80,18,58,20,33,5,8,16,15,38,91,99,171,7,4,58,91,40,58,13,33,3,8,53,91,4,47,15,33,2,4,15,16,19,80,72,171
39,2018-540-e831-ka98,/en/scores/2018/540/MS050/match-stats,01:55:00,115,10,1,45,76,39,45,26,31,0,0,65,76,20,69,25,43,3,12,15,15,45,112,110,188,7,7,69,112,49,69,18,43,9,12,67,112,6,45,5,31,0,0,15,15,11,76,78,188
39,2018-540-me82-h940,/en/scores/2018/540/MS034/match-stats,02:35:00,155,9,3,68,116,50,68,27,48,3,6,77,116,25,73,20,41,5,9,18,18,45,114,122,230,10,3,73,114,48,73,21,41,4,9,69,114,18,68,21,48,3,6,18,18,39,116,108,230
39,2018-540-f510-ba98,/en/scores/2018/540/MS061/match-stats,01:58:00,118,5,4,49,92,34,49,24,43,6,7,58,92,26,68,21,28,6,18,13,13,47,96,105,188,3,2,68,96,42,68,7,28,12,18,49,96,15,49,19,43,1,7,13,13,34,92,83,188
39,2018-540-n552-ta46,/en/scores/2018/540/MS053/match-stats,02:43:00,163,24,4,84,131,64,84,27,47,4,7,91,131,24,95,30,52,3,11,21,20,54,147,145,278,16,4,95,147,71,95,22,52,8,11,93,147,20,84,20,47,3,7,20,21,40,131,133,278
39,2018-540-g858-d923,/en/scores/2018/540/MS054/match-stats,03:01:00,181,14,7,82,132,58,82,22,50,6,12,80,132,23,82,26,43,5,14,22,21,49,125,129,257,5,5,82,125,59,82,17,43,9,14,76,125,24,82,28,50,6,12,21,22,52,132,128,257
39,2018-540-k435-ma30,/en/scores/2018/540/MS038/match-stats,02:29:00,149,24,2,77,116,65,77,27,39,4,4,92,116,15,86,22,42,0,6,18,18,37,128,129,244,28,10,86,128,71,86,20,42,6,6,91,128,12,77,12,39,0,4,18,18,24,116,115,244
39,2018-540-pd31-su55,/en/scores/2018/540/MS057/match-stats,02:12:00,132,9,10,74,116,60,74,16,42,8,11,76,116,16,62,23,53,3,11,18,18,39,115,115,231,6,7,62,115,46,62,30,53,8,11,76,115,14,74,26,42,3,11,18,18,40,116,116,231
39,2018-540-te51-dc58,/en/scores/2018/540/MS046/match-stats,03:25:00,205,18,3,81,127,62,81,27,46,2,5,89,127,21,85,46,79,5,21,23,22,67,164,156,291,8,9,85,164,64,85,33,79,16,21,97,164,19,81,19,46,3,5,22,23,38,127,135,291
39,2018-540-e690-r612,/en/scores/2018/540/MS059/match-stats,02:04:00,124,14,10,72,124,58,72,24,52,4,8,82,124,13,52,35,64,6,14,20,18,48,116,130,240,13,9,52,116,39,52,29,64,8,14,68,116,14,72,28,52,4,8,18,20,42,124,110,240
39,2018-540-f586-w367,/en/scores/2018/540/MS047/match-stats,02:40:00,160,4,6,68,121,52,68,28,53,4,5,80,121,23,76,23,47,2,6,17,16,46,123,126,244,17,2,76,123,53,76,24,47,4,6,77,123,16,68,25,53,1,5,16,17,41,121,118,244
39,2018-540-dh58-h996,/en/scores/2018/540/MS062/match-stats,03:05:00,185,6,7,80,141,62,80,37,61,6,8,99,141,29,100,29,48,6,17,21,20,58,148,157,289,5,6,100,148,71,100,19,48,11,17,90,148,18,80,24,61,2,8,20,21,42,141,132,289
39,2018-540-a829-bh09,/en/scores/2018/540/MS045/match-stats,04:21:00,261,8,5,105,177,71,105,42,72,15,20,113,177,30,103,45,78,6,21,26,25,75,181,188,358,25,8,103,181,73,103,33,78,15,21,106,181,34,105,30,72,5,20,25,26,64,177,170,358
39,2018-540-mk66-j551,/en/scores/2018/540/MS041/match-stats,03:31:00,211,6,1,147,198,101,147,28,51,7,11,129,198,28,117,25,58,4,10,31,30,53,175,182,373,24,7,117,175,89,117,33,58,6,10,122,175,46,147,23,51,4,11,30,31,69,198,191,373
39,2018-540-mm58-g476,/en/scores/2018/540/MS035/match-stats,01:33:00,93,10,5,52,86,42,52,21,34,5,5,63,86,16,51,13,22,4,9,14,13,29,73,92,159,2,5,51,73,35,51,9,22,5,9,44,73,10,52,13,34,0,5,13,14,23,86,67,159
39,2018-540-mc65-l503,/en/scores/2018/540/MS037/match-stats,02:53:00,173,12,3,81,131,61,81,27,50,3,7,88,131,26,78,24,61,4,11,21,21,50,139,138,270,7,3,78,139,52,78,37,61,7,11,89,139,20,81,23,50,4,7,21,21,43,131,132,270
39,2018-540-ke29-b837,/en/scores/2018/540/MS048/match-stats,03:15:00,195,34,6,108,167,88,108,24,59,14,17,112,167,22,93,27,58,5,10,26,26,49,151,161,318,14,9,93,151,71,93,31,58,5,10,102,151,20,108,35,59,3,17,26,26,55,167,157,318
39,2018-540-sd32-bk40,/en/scores/2018/540/MS058/match-stats,01:57:00,117,6,2,49,88,44,49,24,39,6,7,68,88,10,42,23,41,4,6,15,14,33,83,101,171,12,3,42,83,32,42,18,41,2,6,50,83,5,49,15,39,1,7,14,15,20,88,70,171
39,2018-540-sl28-k336,/en/scores/2018/540/MS033/match-stats,03:55:00,235,31,7,110,195,96,110,56,85,2,3,152,195,27,154,27,62,1,6,34,35,54,216,206,411,61,6,154,216,127,154,35,62,5,6,162,216,14,110,29,85,1,3,35,34,43,195,205,411
39,2018-540-f324-l987,/en/scores/2018/540/MS064/match-stats,01:19:00,79,8,1,45,63,41,45,11,18,0,0,52,63,24,59,15,25,5,11,13,13,39,84,91,147,0,1,59,84,35,59,10,25,6,11,45,84,4,45,7,18,0,0,13,13,11,63,56,147
39,2018-540-n409-sc56,/en/scores/2018/540/MS127/match-stats,01:50:00,110,3,4,56,76,44,56,11,20,3,4,55,76,18,48,22,36,6,14,13,13,40,84,95,160,5,4,48,84,30,48,14,36,8,14,44,84,12,56,9,20,1,4,13,13,21,76,65,160
39,2018-540-td51-b747,/en/scores/2018/540/MS049/match-stats,02:17:00,137,22,2,53,98,45,53,27,45,2,4,72,98,23,66,22,39,6,7,18,19,45,105,117,203,13,9,66,105,43,66,17,39,1,7,60,105,8,53,18,45,2,4,19,18,26,98,86,203
39,2018-540-c977-n732,/en/scores/2018/540/MS080/match-stats,01:46:00,106,21,4,46,78,41,46,20,32,5,5,61,78,18,42,20,44,4,13,14,13,38,86,99,164,1,0,42,86,24,42,24,44,9,13,48,86,5,46,12,32,0,5,13,14,17,78,65,164
39,2018-540-d683-g967,/en/scores/2018/540/MS112/match-stats,01:50:00,110,22,2,54,79,45,54,14,25,4,4,59,79,16,50,24,45,4,13,14,14,40,95,99,174,3,4,50,95,34,50,21,45,9,13,55,95,9,54,11,25,0,4,14,14,20,79,75,174
39,2018-540-z355-d994,/en/scores/2018/540/MS111/match-stats,01:30:00,90,9,1,43,63,40,43,13,20,0,0,53,63,13,39,30,48,6,10,13,13,43,87,96,150,8,4,39,87,26,39,18,48,4,10,44,87,3,43,7,20,0,0,13,13,10,63,54,150
39,2018-540-w367-d875,/en/scores/2018/540/MS095/match-stats,02:50:00,170,9,2,87,136,71,87,17,49,10,14,88,136,21,80,24,47,3,9,20,21,45,127,133,263,12,4,80,127,59,80,23,47,6,9,82,127,16,87,32,49,4,14,21,20,48,136,130,263
39,2018-540-b837-tb69,/en/scores/2018/540/MS096/match-stats,01:37:00,97,10,2,27,56,25,27,23,29,0,0,48,56,8,40,25,43,3,7,12,12,33,83,81,139,7,8,40,83,32,40,18,43,4,7,50,83,2,27,6,29,0,0,12,12,8,56,58,139
39,2018-540-e690-gb88,/en/scores/2018/540/MS119/match-stats,01:33:00,93,6,3,48,81,40,48,22,33,1,2,62,81,20,50,15,34,4,8,15,14,35,84,97,165,3,2,50,84,30,50,19,34,4,8,49,84,8,48,11,33,1,2,14,15,19,81,68,165
39,2018-540-q927-tc61,/en/scores/2018/540/MS072/match-stats,01:30:00,90,15,3,42,72,39,42,17,30,4,4,56,72,20,50,13,31,5,10,13,14,33,81,89,153,6,2,50,81,30,50,18,31,5,10,48,81,3,42,13,30,0,4,14,13,16,72,64,153
39,2018-540-a678-gb93,/en/scores/2018/540/MS079/match-stats,01:56:00,116,20,3,54,79,45,54,18,25,1,1,63,79,22,66,21,41,3,8,15,14,43,107,106,186,4,7,66,107,44,66,20,41,5,8,64,107,9,54,7,25,0,1,14,15,16,79,80,186
39,2018-540-i186-mh16,/en/scores/2018/540/MS088/match-stats,02:05:00,125,28,3,61,88,50,61,18,27,2,2,68,88,24,73,20,40,3,13,16,16,44,113,112,201,2,5,73,113,49,73,20,40,10,13,69,113,11,61,9,27,0,2,16,16,20,88,89,201
39,2018-540-sm37-be67,/en/scores/2018/540/MS120/match-stats,01:30:00,90,6,4,44,74,30,44,18,30,3,5,48,74,19,38,24,37,8,9,12,12,43,75,91,149,5,4,38,75,19,38,13,37,1,9,32,75,14,44,12,30,2,5,12,12,26,74,58,149
39,2018-540-ke17-i165,/en/scores/2018/540/MS104/match-stats,02:34:00,154,42,6,105,144,87,105,22,39,5,5,109,144,19,86,9,40,1,3,23,22,28,126,137,270,6,2,86,126,67,86,31,40,2,3,98,126,18,105,17,39,0,5,22,23,35,144,133,270
39,2018-540-d643-sl08,/en/scores/2018/540/MS103/match-stats,01:33:00,93,0,2,40,57,33,40,12,17,0,1,45,57,23,57,26,37,7,19,12,12,49,94,94,151,5,4,57,94,34,57,11,37,12,19,45,94,7,40,5,17,1,1,12,12,12,57,57,151
39,2018-540-mm58-cg80,/en/scores/2018/540/MS071/match-stats,01:59:00,119,8,2,41,89,36,41,28,48,3,4,64,89,16,53,17,29,5,10,14,14,33,82,97,171,6,3,53,82,37,53,12,29,5,10,49,82,5,41,20,48,1,4,14,14,25,89,74,171
39,2018-540-r975-bi23,/en/scores/2018/540/MS087/match-stats,01:31:00,91,18,7,37,68,33,37,21,31,0,0,54,68,20,45,16,27,6,11,13,12,36,72,90,140,4,2,45,72,25,45,11,27,5,11,36,72,4,37,10,31,0,0,12,13,14,68,50,140
39,2018-540-pf39-kb09,/en/scores/2018/540/MS084/match-stats,02:07:00,127,17,7,73,118,58,73,17,45,7,10,75,118,13,65,33,52,5,18,18,17,46,117,121,235,15,7,65,117,52,65,19,52,13,18,71,117,15,73,28,45,3,10,17,18,43,118,114,235
39,2018-540-bk40-sm25,/en/scores/2018/540/MS116/match-stats,03:45:00,225,10,4,105,161,88,105,27,56,4,6,115,161,32,104,29,69,6,14,27,27,61,173,176,334,6,7,104,173,72,104,40,69,8,14,112,173,17,105,29,56,2,6,27,27,46,161,158,334
39,2018-540-f510-da81,/en/scores/2018/540/MS123/match-stats,02:04:00,124,7,8,52,96,44,52,22,44,0,3,66,96,23,64,19,37,6,10,18,18,42,101,108,197,4,3,64,101,41,64,18,37,4,10,59,101,8,52,22,44,3,3,18,18,30,96,89,197
39,2018-540-a829-cd85,/en/scores/2018/540/MS091/match-stats,03:01:00,181,10,7,82,128,58,82,29,46,7,10,87,128,42,99,38,64,10,24,20,22,80,163,167,291,5,10,99,163,57,99,26,64,14,24,83,163,24,82,17,46,3,10,22,20,41,128,124,291
39,2018-540-e831-bi81,/en/scores/2018/540/MS100/match-stats,01:43:00,103,8,1,50,73,42,50,14,23,2,3,56,73,26,60,20,39,6,12,14,15,46,99,102,172,10,5,60,99,34,60,19,39,6,12,53,99,8,50,9,23,1,3,15,14,17,73,70,172
39,2018-540-me82-gd64,/en/scores/2018/540/MS068/match-stats,02:06:00,126,5,5,59,109,42,59,29,50,7,11,71,109,19,63,21,40,5,6,18,18,40,103,111,212,10,4,63,103,44,63,19,40,1,6,63,103,17,59,21,50,4,11,18,18,38,109,101,212
39,2018-540-mc65-g628,/en/scores/2018/540/MS075/match-stats,02:21:00,141,11,10,67,116,56,67,23,49,6,7,79,116,18,59,23,51,3,6,17,17,41,110,120,226,5,5,59,110,41,59,28,51,3,6,69,110,11,67,26,49,1,7,17,17,37,116,106,226
39,2018-540-su55-ca12,/en/scores/2018/540/MS115/match-stats,02:30:00,150,21,7,66,120,56,66,31,54,7,8,87,120,24,84,19,41,3,12,20,20,43,125,130,245,7,6,84,125,60,84,22,41,9,12,82,125,10,66,23,54,1,8,20,20,33,120,115,245
39,2018-540-k435-d864,/en/scores/2018/540/MS076/match-stats,02:00:00,120,11,2,46,81,39,46,22,35,2,3,61,81,27,60,21,49,5,19,15,15,48,109,109,190,6,5,60,109,33,60,28,49,14,19,61,109,7,46,13,35,1,3,15,15,20,81,81,190
39,2018-540-n552-hb05,/en/scores/2018/540/MS107/match-stats,02:37:00,157,8,7,86,123,66,86,14,37,3,6,80,123,26,82,33,53,6,16,19,19,59,135,139,258,6,5,82,135,56,82,20,53,10,16,76,135,20,86,23,37,3,6,19,19,43,123,119,258
39,2018-540-j551-kb05,/en/scores/2018/540/MS083/match-stats,02:34:00,154,20,3,80,120,62,80,23,40,7,9,85,120,17,73,29,59,3,10,20,20,46,132,131,252,9,5,73,132,56,73,30,59,7,10,86,132,18,80,17,40,2,9,20,20,35,120,121,252
39,2018-540-d923-mn13,/en/scores/2018/540/MS108/match-stats,01:34:00,94,5,5,49,79,40,49,18,30,2,2,58,79,17,55,19,29,4,9,14,13,36,84,94,163,3,8,55,84,38,55,10,29,5,9,48,84,9,49,12,30,0,2,13,14,21,79,69,163
39,2018-540-dh58-cf01,/en/scores/2018/540/MS124/match-stats,02:58:00,178,8,6,67,126,51,67,38,59,5,8,89,126,34,100,30,61,5,17,22,22,64,161,153,287,8,4,100,161,66,100,31,61,12,17,97,161,16,67,21,59,3,8,22,22,37,126,134,287
39,2018-540-te51-bk24,/en/scores/2018/540/MS092/match-stats,02:29:00,149,17,6,87,123,66,87,22,36,6,8,88,123,28,81,25,55,5,10,22,21,53,136,141,259,3,4,81,136,53,81,30,55,5,10,83,136,21,87,14,36,2,8,21,22,35,123,118,259
39,2018-540-sl28-md56,/en/scores/2018/540/MS067/match-stats,03:29:00,209,17,6,96,156,86,96,32,60,2,4,118,156,23,103,23,60,2,9,27,25,46,163,164,319,14,9,103,163,80,103,37,60,7,9,117,163,10,96,28,60,2,4,25,27,38,156,155,319
39,2018-540-td51-v306,/en/scores/2018/540/MS099/match-stats,02:41:00,161,10,4,99,155,68,99,36,56,13,15,104,155,17,77,19,52,2,4,21,21,36,129,140,284,22,5,77,129,60,77,33,52,2,4,93,129,31,99,20,56,2,15,21,21,51,155,144,284
39,2018-540-bh09-n771,/en/scores/2018/540/MS090/match-stats,02:49:00,169,17,5,79,127,63,79,31,48,6,9,94,127,18,84,28,58,3,9,22,22,46,142,140,269,8,3,84,142,66,84,30,58,6,9,96,142,16,79,17,48,3,9,22,22,33,127,129,269
39,2018-540-be54-j386,/en/scores/2018/540/MS089/match-stats,03:47:00,227,10,5,120,178,93,120,24,58,8,11,117,178,25,104,35,69,6,19,28,29,60,173,177,351,23,7,104,173,79,104,34,69,13,19,113,173,27,120,34,58,3,11,29,28,61,178,174,351
39,2018-540-b747-f724,/en/scores/2018/540/MS098/match-stats,02:26:00,146,6,3,61,107,46,61,23,46,7,10,69,107,20,55,35,68,7,17,16,17,55,123,124,230,11,10,55,123,35,55,33,68,10,17,68,123,15,61,23,46,3,10,17,16,38,107,106,230
39,2018-540-dc58-j267,/en/scores/2018/540/MS093/match-stats,01:56:00,116,7,10,39,89,32,39,31,50,1,1,63,89,15,45,21,48,4,9,14,14,36,93,99,182,0,9,45,93,30,45,27,48,5,9,57,93,7,39,19,50,0,1,14,14,26,89,83,182
39,2018-540-f586-bf55,/en/scores/2018/540/MS094/match-stats,02:39:00,159,5,6,63,108,44,63,20,45,8,13,64,108,33,81,33,56,8,18,17,17,66,137,130,245,4,11,81,137,48,81,23,56,10,18,71,137,19,63,25,45,5,13,17,17,44,108,115,245
39,2018-540-ba98-c882,/en/scores/2018/540/MS122/match-stats,02:07:00,127,6,3,79,103,61,79,16,24,3,3,77,103,10,56,26,47,2,9,16,15,36,103,113,206,20,10,56,103,46,56,21,47,7,9,67,103,18,79,8,24,0,3,15,16,26,103,93,206
39,2018-540-fb98-su87,/en/scores/2018/540/MS110/match-stats,02:08:00,128,8,3,51,90,44,51,23,39,3,5,67,90,21,63,22,39,6,7,17,17,43,102,110,192,6,4,63,102,42,63,17,39,1,7,59,102,7,51,16,39,2,5,17,17,23,90,82,192
39,2018-540-g858-ci14,/en/scores/2018/540/MS109/match-stats,03:16:00,196,19,7,80,140,62,80,39,60,3,6,101,140,12,82,26,60,2,5,26,24,38,142,139,282,6,6,82,142,70,82,34,60,3,5,104,142,18,80,21,60,3,6,24,26,39,140,143,282
39,2018-540-h940-cf59,/en/scores/2018/540/MS069/match-stats,01:37:00,97,9,3,43,75,37,43,19,32,3,3,56,75,16,41,22,41,5,18,13,12,38,82,94,157,1,3,41,82,25,41,19,41,13,18,44,82,6,43,13,32,0,3,12,13,19,75,63,157
39,2018-540-g476-e698,/en/scores/2018/540/MS070/match-stats,02:01:00,121,0,5,57,94,45,57,16,37,9,10,61,94,19,42,21,42,6,12,13,13,40,84,101,178,5,4,42,84,23,42,21,42,6,12,44,84,12,57,21,37,1,10,13,13,33,94,77,178
39,2018-540-h756-ca99,/en/scores/2018/540/MS105/match-stats,02:59:00,179,12,7,88,152,67,88,37,64,9,12,104,152,21,88,32,64,3,11,23,23,53,152,157,304,26,6,88,152,67,88,32,64,8,11,99,152,21,88,27,64,3,12,23,23,48,152,147,304
39,2018-540-h996-z168,/en/scores/2018/540/MS125/match-stats,01:41:00,101,13,10,63,90,45,63,12,27,5,8,57,90,20,55,22,35,6,17,15,14,42,90,99,180,1,5,55,90,35,55,13,35,11,17,48,90,18,63,15,27,3,8,14,15,33,90,81,180
39,2018-540-k336-y061,/en/scores/2018/540/MS066/match-stats,02:40:00,160,36,9,96,139,77,96,19,43,6,8,96,139,19,86,20,39,3,6,22,21,39,125,135,264,5,8,86,125,67,86,19,39,3,6,86,125,19,96,24,43,2,8,21,22,43,139,129,264
39,2018-540-ke29-f401,/en/scores/2018/540/MS097/match-stats,02:27:00,147,17,4,92,125,68,92,19,33,6,10,87,125,21,74,23,43,5,10,21,19,44,117,131,242,3,7,74,117,53,74,20,43,5,10,73,117,24,92,14,33,4,10,19,21,38,125,111,242
39,2018-540-ka98-se73,/en/scores/2018/540/MS101/match-stats,02:02:00,122,11,5,60,96,49,60,23,36,0,2,72,96,25,71,16,40,4,7,18,18,41,111,113,207,6,5,71,111,46,71,24,40,3,7,70,111,11,60,13,36,2,2,18,18,24,96,94,207
39,2018-540-k926-pd07,/en/scores/2018/540/MS126/match-stats,02:09:00,129,3,0,73,98,58,73,17,25,4,5,75,98,22,69,23,43,4,9,18,18,45,112,120,210,12,7,69,112,47,69,20,43,5,9,67,112,15,73,8,25,1,5,18,18,23,98,90,210
39,2018-540-l397-d874,/en/scores/2018/540/MS113/match-stats,01:29:00,89,18,1,42,66,39,42,14,24,1,2,53,66,15,41,15,31,5,8,14,13,30,72,83,138,3,4,41,72,26,41,16,31,3,8,42,72,3,42,10,24,1,2,13,14,13,66,55,138
39,2018-540-l503-db63,/en/scores/2018/540/MS074/match-stats,03:00:00,180,6,3,89,137,70,89,29,48,6,7,99,137,24,91,26,50,4,17,21,21,50,141,149,278,13,10,91,141,67,91,24,50,13,17,91,141,19,89,19,48,1,7,21,21,38,137,129,278
39,2018-540-l797-bm95,/en/scores/2018/540/MS065/match-stats,02:23:00,143,10,5,86,129,63,86,23,43,4,8,86,129,19,69,23,47,5,6,21,20,42,116,128,245,11,5,69,116,50,69,24,47,1,6,74,116,23,86,20,43,4,8,20,21,43,129,117,245
39,2018-540-ma30-mp01,/en/scores/2018/540/MS077/match-stats,03:25:00,205,36,7,93,144,74,93,28,51,4,7,102,144,29,104,24,53,4,13,25,25,53,157,155,301,8,10,104,157,75,104,29,53,9,13,104,157,19,93,23,51,3,7,25,25,42,144,146,301
39,2018-540-mh30-ta12,/en/scores/2018/540/MS086/match-stats,02:45:00,165,8,3,62,109,48,62,34,47,7,9,82,109,26,78,39,76,7,16,20,21,65,154,147,263,11,5,78,154,52,78,37,76,9,16,89,154,14,62,13,47,2,9,21,20,27,109,116,263
39,2018-540-db59-pb22,/en/scores/2018/540/MS085/match-stats,01:49:00,109,9,2,66,100,46,66,25,34,9,10,71,100,18,55,21,41,4,10,15,14,39,96,110,196,9,1,55,96,37,55,20,41,6,10,57,96,20,66,9,34,1,10,14,15,29,100,86,196
39,2018-540-mk66-be90,/en/scores/2018/540/MS082/match-stats,02:52:00,172,5,8,80,142,62,80,32,62,7,11,94,142,36,100,20,50,4,13,22,21,56,150,150,292,4,7,100,150,64,100,30,50,9,13,94,150,18,80,30,62,4,11,21,22,48,142,142,292
39,2018-540-r612-r772,/en/scores/2018/540/MS118/match-stats,01:51:00,111,3,5,39,86,32,39,28,47,4,5,60,86,18,51,24,40,6,11,13,14,42,91,102,177,2,8,51,91,33,51,16,40,5,11,49,91,7,39,19,47,1,5,14,13,26,86,75,177
39,2018-540-pc11-kb95,/en/scores/2018/540/MS081/match-stats,03:08:00,188,13,4,98,142,67,98,24,44,12,17,91,142,33,98,26,46,6,16,22,22,59,144,150,286,4,6,98,144,65,98,20,46,10,16,85,144,31,98,20,44,5,17,22,22,51,142,136,286
39,2018-540-sa93-sj55,/en/scores/2018/540/MS078/match-stats,01:23:00,83,6,3,32,57,29,32,15,25,0,1,44,57,28,58,17,31,7,15,12,13,45,89,89,146,4,1,58,89,30,58,14,31,8,15,44,89,3,32,10,25,1,1,13,12,13,57,57,146
39,2018-540-pd31-j380,/en/scores/2018/540/MS114/match-stats,02:08:00,128,20,7,72,121,53,72,26,49,5,7,79,121,30,86,15,30,4,9,17,17,45,116,124,237,1,5,86,116,56,86,15,30,5,9,71,116,19,72,23,49,2,7,17,17,42,121,113,237
39,2018-540-sc77-sh90,/en/scores/2018/540/MS073/match-stats,03:30:00,210,20,8,108,174,72,108,34,66,17,22,106,174,33,97,24,53,5,11,24,23,57,150,163,324,3,7,97,150,64,97,29,53,6,11,93,150,36,108,32,66,5,22,23,24,68,174,161,324
39,2018-540-sd32-bg23,/en/scores/2018/540/MS117/match-stats,01:41:00,101,3,0,34,74,28,34,23,40,1,3,51,74,25,52,19,30,8,13,12,14,44,82,95,156,2,5,52,82,27,52,11,30,5,13,38,82,6,34,17,40,2,3,14,12,23,74,61,156
39,2018-540-ta46-hb71,/en/scores/2018/540/MS106/match-stats,01:49:00,109,12,3,63,94,48,63,22,31,4,4,70,94,20,66,27,47,3,12,15,15,47,113,117,207,9,4,66,113,46,66,20,47,9,12,66,113,15,63,9,31,0,4,15,15,24,94,90,207
39,2018-540-v708-mb02,/en/scores/2018/540/MS121/match-stats,02:43:00,163,13,3,99,137,71,99,22,38,9,11,93,137,23,85,30,56,4,22,20,19,53,141,146,278,7,5,85,141,62,85,26,56,18,22,88,141,28,99,16,38,2,11,19,20,44,137,132,278
39,2018-540-be54-ta46,/en/scores/2018/540/QS017/match-stats,01:20:00,80,17,6,44,70,37,44,15,26,5,5,52,70,18,49,24,32,6,9,12,12,42,81,94,151,6,3,49,81,31,49,8,32,3,9,39,81,7,44,11,26,0,5,12,12,18,70,57,151
39,2018-540-kb95-pb22,/en/scores/2018/540/QS023/match-stats,03:41:00,221,11,12,97,155,66,97,35,58,8,10,101,155,30,97,33,64,5,10,21,22,63,161,164,316,7,6,97,161,67,97,31,64,5,10,98,161,31,97,23,58,2,10,22,21,54,155,152,316
39,2018-540-gd64-hb71,/en/scores/2018/540/QS026/match-stats,01:26:00,86,7,2,48,72,41,48,15,24,1,2,56,72,22,52,19,34,6,9,14,14,41,86,97,158,2,1,52,86,30,52,15,34,3,9,45,86,7,48,9,24,1,2,14,14,16,72,61,158
39,2018-540-z184-a887,/en/scores/2018/540/MS102/match-stats,03:15:00,195,14,4,77,133,64,77,31,56,8,10,95,133,24,86,27,57,3,12,21,21,51,143,146,276,11,8,86,143,62,86,30,57,9,12,92,143,13,77,25,56,2,10,21,21,38,133,130,276
39,2018-540-g858-su87,/en/scores/2018/540/QS027/match-stats,02:47:00,167,2,6,57,102,48,57,23,45,2,4,71,102,34,83,15,36,5,13,18,18,49,119,120,221,6,2,83,119,49,83,21,36,8,13,70,119,9,57,22,45,2,4,18,18,31,102,101,221
39,2018-540-f586-j380,/en/scores/2018/540/QS031/match-stats,02:35:00,155,4,5,73,119,50,73,26,46,5,8,76,119,37,86,18,39,6,15,18,18,55,125,131,244,7,8,86,125,49,86,21,39,9,15,70,125,23,73,20,46,3,8,18,18,43,119,113,244
39,2018-540-sj55-mp01,/en/scores/2018/540/QS025/match-stats,01:44:00,104,4,2,59,79,44,59,10,20,3,5,54,79,15,48,23,33,6,7,14,13,38,81,92,160,6,2,48,81,33,48,10,33,1,7,43,81,15,59,10,20,2,5,13,14,25,79,68,160
39,2018-540-bk24-n679,/en/scores/2018/540/QS019/match-stats,01:44:00,104,12,6,51,87,40,51,21,36,0,1,61,87,15,46,23,41,5,9,14,13,38,87,99,174,8,1,46,87,31,46,18,41,4,9,49,87,11,51,15,36,1,1,13,14,26,87,75,174
39,2018-540-mh16-m762,/en/scores/2018/540/QS024/match-stats,03:26:00,206,13,5,116,178,72,116,29,62,10,19,101,178,27,90,32,56,8,12,27,25,59,146,160,324,16,4,90,146,63,90,24,56,4,12,87,146,44,116,33,62,9,19,25,27,77,178,164,324
39,2018-540-bi81-kd46,/en/scores/2018/540/QS028/match-stats,03:07:00,187,20,2,92,153,71,92,29,61,8,11,100,153,18,89,23,46,3,8,23,23,41,135,141,288,24,8,89,135,71,89,23,46,5,8,94,135,21,92,32,61,3,11,23,23,53,153,147,288
39,2018-540-ta12-g983,/en/scores/2018/540/QS020/match-stats,01:36:00,96,17,5,45,78,37,45,22,33,7,8,59,78,26,63,12,24,5,8,14,14,38,87,97,165,7,2,63,87,37,63,12,24,3,8,49,87,8,45,11,33,1,8,14,14,19,78,68,165
39,2018-540-bm95-w503,/en/scores/2018/540/QS029/match-stats,02:15:00,135,1,4,66,102,50,66,11,36,8,13,61,102,25,65,37,56,8,19,16,15,62,121,123,223,8,6,65,121,40,65,19,56,11,19,59,121,16,66,25,36,5,13,15,16,41,102,100,223
39,2018-540-gb93-ke73,/en/scores/2018/540/QS021/match-stats,03:07:00,187,10,10,88,154,64,88,28,66,12,19,92,154,27,86,33,63,6,15,24,23,60,149,152,303,7,6,86,149,59,86,30,63,9,15,89,149,24,88,38,66,7,19,23,24,62,154,151,303
39,2018-540-hb05-sp24,/en/scores/2018/540/QS016/match-stats,02:10:00,130,8,0,60,97,41,60,27,37,7,8,68,97,24,74,26,42,5,14,15,16,50,116,118,213,10,6,74,116,50,74,16,42,9,14,66,116,19,60,10,37,1,8,16,15,29,97,95,213
39,2018-540-ka98-ba98,/en/scores/2018/540/QS030/match-stats,02:27:00,147,18,2,70,104,54,70,21,34,9,10,75,104,40,101,12,34,3,17,16,15,52,135,127,239,1,2,101,135,61,101,22,34,14,17,83,135,16,70,13,34,1,10,15,16,29,104,112,239
39,2018-540-db59-bc65,/en/scores/2018/540/QS018/match-stats,01:26:00,86,10,1,59,81,45,59,11,22,5,6,56,81,23,54,15,24,6,11,13,13,38,78,94,159,5,1,54,78,31,54,9,24,5,11,40,78,14,59,11,22,1,6,13,13,25,81,65,159
39,2018-540-r612-v495,/en/scores/2018/540/QS022/match-stats,02:29:00,149,9,5,74,123,60,74,19,49,4,7,79,123,26,77,32,56,6,17,19,19,58,133,137,256,23,10,77,133,51,77,24,56,11,17,75,133,14,74,30,49,3,7,19,19,44,123,119,256
39,2018-540-g983-z254,/en/scores/2018/540/QS040/match-stats,03:08:00,188,5,3,101,147,75,101,31,46,4,5,106,147,24,86,22,56,3,13,23,22,46,142,152,289,7,4,86,142,62,86,34,56,10,13,96,142,26,101,15,46,1,5,22,23,41,147,137,289
39,2018-540-be54-la93,/en/scores/2018/540/QS034/match-stats,00:57:00,57,5,0,28,41,27,28,9,13,0,0,36,41,11,37,11,17,3,5,9,9,22,54,58,95,3,3,37,54,26,37,6,17,2,5,32,54,1,28,4,13,0,0,9,9,5,41,37,95
39,2018-540-pb22-dh50,/en/scores/2018/540/QS046/match-stats,01:23:00,83,5,3,39,65,30,39,12,26,0,2,42,65,16,41,18,30,5,13,10,10,34,71,76,136,1,3,41,71,25,41,12,30,8,13,37,71,9,39,14,26,2,2,10,10,23,65,60,136
39,2018-540-ke73-mi43,/en/scores/2018/540/QS042/match-stats,01:30:00,90,7,4,41,75,32,41,19,34,2,4,51,75,11,44,18,33,3,6,13,13,29,77,80,152,3,4,44,77,33,44,15,33,3,6,48,77,9,41,15,34,2,4,13,13,24,75,72,152
39,2018-540-hb71-o522,/en/scores/2018/540/QS052/match-stats,00:59:00,59,7,1,41,57,33,41,14,16,2,2,47,57,5,32,13,25,2,4,11,10,18,57,65,114,13,1,32,57,27,32,12,25,2,4,39,57,8,41,2,16,0,2,10,11,10,57,49,114
39,2018-540-su87-lb66,/en/scores/2018/540/QS054/match-stats,01:57:00,117,6,4,56,80,44,56,11,24,3,6,55,80,20,51,16,33,5,7,14,14,36,84,91,164,0,5,51,84,31,51,17,33,2,7,48,84,12,56,13,24,3,6,14,14,25,80,73,164
39,2018-540-sj55-g710,/en/scores/2018/540/QS050/match-stats,01:05:00,65,3,0,39,54,35,39,8,15,1,1,43,54,12,34,8,22,2,6,10,9,20,56,63,110,3,2,34,56,22,34,14,22,4,6,36,56,4,39,7,15,0,1,9,10,11,54,47,110
39,2018-540-w503-f811,/en/scores/2018/540/QS058/match-stats,01:12:00,72,7,2,34,54,28,34,13,20,0,0,41,54,11,32,14,36,2,6,10,10,25,68,66,122,4,1,32,68,21,32,22,36,4,6,43,68,6,34,7,20,0,0,10,10,13,54,56,122
39,2018-540-gd64-m873,/en/scores/2018/540/QS053/match-stats,02:06:00,126,5,6,73,113,49,73,16,40,9,13,65,113,25,69,24,40,6,21,15,15,49,109,114,222,8,6,69,109,44,69,16,40,15,21,60,109,24,73,24,40,4,13,15,15,48,113,108,222
39,2018-540-mp01-sk47,/en/scores/2018/540/QS051/match-stats,02:02:00,122,3,1,65,85,49,65,10,20,2,4,59,85,22,58,18,34,4,8,14,14,40,92,99,177,1,2,58,92,36,58,16,34,4,8,52,92,16,65,10,20,2,4,14,14,26,85,78,177
39,2018-540-mh16-ke64,/en/scores/2018/540/QS049/match-stats,01:11:00,71,4,0,29,46,21,29,12,17,2,2,33,46,16,37,13,20,4,12,8,8,29,57,62,103,0,3,37,57,21,37,7,20,8,12,28,57,8,29,5,17,0,2,8,8,13,46,41,103
39,2018-540-f586-k839,/en/scores/2018/540/QS062/match-stats,01:04:00,64,3,3,42,57,37,42,7,15,3,3,44,57,9,31,10,15,3,3,10,9,19,46,63,103,4,1,31,46,22,31,5,15,0,3,27,46,5,42,8,15,0,3,9,10,13,57,40,103
39,2018-540-kb95-pg32,/en/scores/2018/540/QS047/match-stats,02:29:00,149,6,9,95,132,67,95,21,37,5,7,88,132,20,74,19,42,3,6,20,20,39,116,127,248,10,1,74,116,54,74,23,42,3,6,77,116,28,95,16,37,2,7,20,20,44,132,121,248
39,2018-540-db59-y124,/en/scores/2018/540/QS037/match-stats,01:07:00,67,3,0,41,52,31,41,9,11,0,0,40,52,16,45,14,26,3,11,10,10,30,71,70,123,1,7,45,71,29,45,12,26,8,11,41,71,10,41,2,11,0,0,10,10,12,52,53,123
39,2018-540-ta12-mj71,/en/scores/2018/540/QS041/match-stats,00:55:00,55,9,1,26,47,23,26,17,21,0,0,40,47,4,33,10,17,2,4,10,10,14,50,54,97,12,4,33,50,29,33,7,17,2,4,36,50,3,26,4,21,0,0,10,10,7,47,43,97
39,2018-540-j380-l949,/en/scores/2018/540/QS063/match-stats,01:29:00,89,2,2,46,76,32,46,14,30,3,6,46,76,16,44,14,23,4,7,11,11,30,67,76,143,2,3,44,67,28,44,9,23,3,7,37,67,14,46,16,30,3,6,11,11,30,76,67,143
39,2018-540-bm95-bk92,/en/scores/2018/540/QS059/match-stats,01:01:00,61,5,1,48,65,38,48,7,17,2,2,45,65,8,33,11,18,2,2,10,9,19,51,64,116,5,3,33,51,25,33,7,18,0,2,32,51,10,48,10,17,0,2,9,10,20,65,52,116
39,2018-540-g858-kh56,/en/scores/2018/540/QS055/match-stats,01:54:00,114,12,8,55,89,41,55,19,34,4,5,60,89,18,58,14,28,3,7,14,14,32,86,92,175,3,1,58,86,40,58,14,28,4,7,54,86,14,55,15,34,1,5,14,14,29,89,83,175
39,2018-540-ta46-be68,/en/scores/2018/540/QS035/match-stats,00:46:00,46,17,0,34,52,30,34,9,18,2,2,39,52,4,26,13,19,3,5,9,9,17,45,56,97,2,4,26,45,22,26,6,19,2,5,28,45,4,34,9,18,0,2,9,9,13,52,41,97
39,2018-540-bc65-e687,/en/scores/2018/540/QS036/match-stats,01:10:00,70,2,3,30,55,22,30,14,25,5,6,36,55,15,34,15,19,5,6,8,7,30,53,66,108,0,5,34,53,19,34,4,19,1,6,23,53,8,30,11,25,1,6,7,8,19,55,42,108
39,2018-540-bi81-w579,/en/scores/2018/540/QS056/match-stats,00:59:00,59,10,0,23,37,23,23,9,14,0,0,32,37,12,36,19,29,4,15,8,8,31,65,63,102,5,7,36,65,24,36,10,29,11,15,34,65,0,23,5,14,0,0,8,8,5,37,39,102
39,2018-540-bk24-bd80,/en/scores/2018/540/QS039/match-stats,01:39:00,99,3,6,56,92,40,56,16,36,5,7,56,92,16,50,19,31,3,8,11,11,35,81,91,173,2,6,50,81,34,50,12,31,5,8,46,81,16,56,20,36,2,7,11,11,36,92,82,173
39,2018-540-ba98-gb61,/en/scores/2018/540/QS060/match-stats,01:26:00,86,4,1,50,65,40,50,11,15,1,1,51,65,8,41,14,26,1,5,11,10,22,67,73,132,5,2,41,67,33,41,12,26,4,5,45,67,10,50,4,15,0,1,10,11,14,65,59,132
39,2018-540-gb93-g676,/en/scores/2018/540/QS043/match-stats,00:55:00,55,1,1,30,53,23,30,11,23,4,5,34,53,12,32,18,23,5,10,8,8,30,55,64,108,0,6,32,55,20,32,5,23,5,10,25,55,7,30,12,23,1,5,8,8,19,53,44,108
39,2018-540-hb05-n674,/en/scores/2018/540/QS033/match-stats,02:02:00,122,15,5,65,105,48,65,22,40,10,12,70,105,19,65,19,36,2,6,16,15,38,101,108,206,8,5,65,101,46,65,17,36,4,6,63,101,17,65,18,40,2,12,15,16,35,105,98,206
39,2018-540-ka98-ha71,/en/scores/2018/540/QS061/match-stats,00:56:00,56,10,4,28,48,23,28,12,20,2,3,35,48,13,31,8,14,4,7,9,8,21,45,56,93,1,3,31,45,18,31,6,14,3,7,24,45,5,28,8,20,1,3,8,9,13,48,37,93
39,2018-540-m762-sc47,/en/scores/2018/540/QS048/match-stats,01:07:00,67,6,3,40,60,31,40,13,20,5,5,44,60,9,29,14,25,3,7,9,8,23,54,67,114,5,5,29,54,20,29,11,25,4,7,31,54,9,40,7,20,0,5,8,9,16,60,47,114
39,2018-540-n679-ce25,/en/scores/2018/540/QS038/match-stats,02:05:00,125,12,7,61,98,46,61,18,37,8,9,64,98,17,45,20,46,4,8,14,14,37,91,101,189,5,1,45,91,28,45,26,46,4,8,54,91,15,61,19,37,1,9,14,14,34,98,88,189
39,2018-540-r612-gd08,/en/scores/2018/540/QS044/match-stats,01:08:00,68,9,1,36,56,31,36,15,20,1,1,46,56,15,45,16,30,2,7,11,11,31,75,77,131,7,1,45,75,30,45,14,30,5,7,44,75,5,36,5,20,0,1,11,11,10,56,54,131
39,2018-540-kd46-mq75,/en/scores/2018/540/QS057/match-stats,01:05:00,65,10,2,36,51,32,36,7,15,2,2,39,51,9,28,14,24,3,4,9,8,23,52,62,103,0,4,28,52,19,28,10,24,1,4,29,52,4,36,8,15,0,2,8,9,12,51,41,103
39,2018-540-cc66-mu94,/en/scores/2018/540/QS064/match-stats,02:45:00,165,3,2,83,132,55,83,29,49,9,14,84,132,20,82,20,39,5,9,21,21,40,121,124,253,12,4,82,121,62,82,19,39,4,9,81,121,28,83,20,49,5,14,21,21,48,132,129,253
39,2018-540-v495-ra51,/en/scores/2018/540/QS045/match-stats,01:56:00,116,12,3,62,96,49,62,18,34,4,5,67,96,15,65,17,27,3,4,16,15,32,92,99,188,7,5,65,92,50,65,10,27,1,4,60,92,13,62,16,34,1,5,15,16,29,96,89,188
39,2018-540-sp24-cc66,/en/scores/2018/540/QS032/match-stats,01:05:00,65,5,2,41,51,32,41,5,10,1,1,37,51,20,45,13,18,4,11,8,7,33,63,70,114,5,3,45,63,25,45,5,18,7,11,30,63,9,41,5,10,0,1,7,8,14,51,44,114
39,2018-540-be54-e865,/en/scores/2018/540/QS068/match-stats,01:04:00,64,6,3,39,62,31,39,14,23,3,3,45,62,16,49,9,16,2,8,10,10,25,65,70,127,10,2,49,65,33,49,7,16,6,8,40,65,8,39,9,23,0,3,10,10,17,62,57,127
39,2018-540-z254-l0cf,/en/scores/2018/540/QS080/match-stats,01:16:00,76,5,4,34,56,28,34,11,22,1,2,39,56,10,36,16,22,4,4,9,9,26,58,65,114,1,4,36,58,26,36,6,22,0,4,32,58,6,34,11,22,1,2,9,9,17,56,49,114
39,2018-540-mi43-sp80,/en/scores/2018/540/QS084/match-stats,01:03:00,63,2,1,36,55,29,36,13,19,2,2,42,55,11,41,12,19,2,2,10,10,23,60,65,115,2,5,41,60,30,41,7,19,0,2,37,60,7,36,6,19,0,2,10,10,13,55,50,115
39,2018-540-e687-i305,/en/scores/2018/540/QS072/match-stats,01:32:00,92,4,3,49,71,38,49,10,22,2,2,48,71,9,38,15,29,2,10,10,10,24,67,72,138,3,2,38,67,29,38,14,29,8,10,43,67,11,49,12,22,0,2,10,10,23,71,66,138
39,2018-540-n679-y218,/en/scores/2018/540/QS076/match-stats,01:43:00,103,4,3,41,72,37,41,13,31,2,3,50,72,10,45,18,32,2,6,11,11,28,77,78,149,9,3,45,77,35,45,14,32,4,6,49,77,4,41,18,31,1,3,11,11,22,72,71,149
39,2018-540-r612-h997,/en/scores/2018/540/QS088/match-stats,01:22:00,82,11,10,46,84,34,46,18,38,0,2,52,84,17,49,15,31,3,8,12,12,32,80,84,164,11,2,49,80,32,49,16,31,5,8,48,80,12,46,20,38,2,2,12,12,32,84,80,164
39,2018-540-sc47-da31,/en/scores/2018/540/QS096/match-stats,01:03:00,63,3,0,28,49,20,28,15,21,0,1,35,49,17,45,8,10,4,8,9,9,25,55,60,104,1,2,45,55,28,45,2,10,4,8,30,55,8,28,6,21,1,1,9,9,14,49,44,104
39,2018-540-pb22-t982,/en/scores/2018/540/QS092/match-stats,01:47:00,107,9,3,45,76,36,45,20,31,2,3,56,76,26,71,21,40,3,17,14,13,47,111,103,187,12,2,71,111,45,71,19,40,14,17,64,111,9,45,11,31,1,3,13,14,20,76,84,187
39,2018-540-g710-o449,/en/scores/2018/540/QS100/match-stats,01:09:00,69,5,3,30,54,21,30,14,24,3,5,35,54,16,36,12,18,5,6,9,10,28,54,63,108,1,5,36,54,20,36,6,18,1,6,26,54,9,30,10,24,2,5,10,9,19,54,45,108
39,2018-540-su87-sn77,/en/scores/2018/540/QS108/match-stats,01:48:00,108,16,1,63,89,47,63,11,26,6,8,58,89,21,59,14,27,3,7,12,12,35,86,93,175,4,0,59,86,38,59,13,27,4,7,51,86,16,63,15,26,2,8,12,12,31,89,82,175
39,2018-540-f811-mi01,/en/scores/2018/540/QS116/match-stats,01:13:00,73,9,1,36,57,29,36,15,21,4,4,44,57,13,37,12,25,3,6,9,10,25,62,69,119,1,5,37,62,24,37,13,25,3,6,37,62,7,36,6,21,0,4,10,9,13,57,50,119
39,2018-540-bi81-hb64,/en/scores/2018/540/QS112/match-stats,01:51:00,111,5,5,56,98,41,56,23,42,2,5,64,98,7,49,30,47,3,9,15,15,37,96,101,194,17,14,49,96,42,49,17,47,6,9,59,96,15,56,19,42,3,5,15,15,34,98,93,194
39,2018-540-hb71-d750,/en/scores/2018/540/QS104/match-stats,02:10:00,130,6,1,56,96,43,56,22,40,2,4,65,96,18,74,18,35,2,5,16,17,36,109,101,205,9,2,74,109,56,74,17,35,3,5,73,109,13,56,18,40,2,4,17,16,31,96,104,205
39,2018-540-ba98-rb56,/en/scores/2018/540/QS120/match-stats,01:15:00,75,3,2,48,67,38,48,10,19,2,2,48,67,6,31,11,19,2,3,10,9,17,50,65,117,9,2,31,50,25,31,8,19,1,3,33,50,10,48,9,19,0,2,9,10,19,67,52,117
39,2018-540-f586-cc32,/en/scores/2018/540/QS124/match-stats,00:58:00,58,5,1,26,36,25,26,7,10,0,0,32,36,26,52,10,22,4,10,8,9,36,74,68,110,10,1,52,74,26,52,12,22,6,10,38,74,1,26,3,10,0,0,9,8,4,36,42,110
39,2018-540-m873-ge33,/en/scores/2018/540/QS107/match-stats,01:40:00,100,7,5,50,80,37,50,15,30,1,3,52,80,15,59,16,28,2,7,13,14,31,87,83,167,17,2,59,87,44,59,12,28,5,7,56,87,13,50,15,30,2,3,14,13,28,80,84,167
39,2018-540-mp01-rc96,/en/scores/2018/540/QS103/match-stats,01:38:00,98,4,7,53,79,34,53,9,26,6,9,43,79,16,33,17,32,5,10,10,10,33,65,76,144,1,1,33,65,17,33,15,32,5,10,32,65,19,53,17,26,3,9,10,10,36,79,68,144
39,2018-540-mh16-me89,/en/scores/2018/540/QS099/match-stats,02:10:00,130,6,2,51,94,36,51,23,43,7,10,59,94,9,38,19,35,3,5,13,13,28,73,87,167,4,4,38,73,29,38,16,35,2,5,45,73,15,51,20,43,3,10,13,13,35,94,80,167
39,2018-540-n674-hb48,/en/scores/2018/540/QS067/match-stats,00:29:00,29,6,2,9,15,9,9,1,6,0,1,10,15,6,11,6,7,3,4,3,3,12,18,22,33,0,3,11,18,5,11,1,7,1,4,6,18,0,9,5,6,1,1,3,3,5,15,11,33
39,2018-540-y124-ph71,/en/scores/2018/540/QS075/match-stats,01:01:00,61,11,3,26,52,20,26,18,26,3,3,38,52,9,35,19,27,3,8,9,8,28,62,66,114,6,2,35,62,26,35,8,27,5,8,34,62,6,26,8,26,0,3,8,9,14,52,48,114
39,2018-540-bk24-mj08,/en/scores/2018/540/QS079/match-stats,01:38:00,98,3,5,40,78,29,40,21,38,5,9,50,78,25,67,13,24,4,11,14,13,38,91,88,169,7,0,67,91,42,67,11,24,7,11,53,91,11,40,17,38,4,9,13,14,28,78,81,169
39,2018-540-ra51-v717,/en/scores/2018/540/QS091/match-stats,01:45:00,105,9,4,55,86,41,55,16,31,5,8,57,86,26,68,14,29,4,8,15,14,40,97,97,183,0,7,68,97,42,68,15,29,4,8,57,97,14,55,15,31,3,8,14,15,29,86,86,183
39,2018-540-ta12-n561,/en/scores/2018/540/QS083/match-stats,01:07:00,67,5,1,30,52,25,30,14,22,4,4,39,52,12,35,11,21,3,7,9,9,23,56,62,108,4,2,35,56,23,35,10,21,4,7,33,56,5,30,8,22,0,4,9,9,13,52,46,108
39,2018-540-l949-o376,/en/scores/2018/540/QS127/match-stats,01:24:00,84,1,4,47,73,31,47,14,26,7,9,45,73,17,49,16,25,4,12,10,10,33,74,78,147,2,2,49,74,32,49,9,25,8,12,41,74,16,47,12,26,2,9,10,10,28,73,69,147
39,2018-540-pg32-kb37,/en/scores/2018/540/QS095/match-stats,00:59:00,59,6,1,34,48,32,34,9,14,1,1,41,48,11,42,9,13,2,3,10,9,20,55,61,103,2,0,42,55,31,42,4,13,1,3,35,55,2,34,5,14,0,1,9,10,7,48,42,103
39,2018-540-g858-pf65,/en/scores/2018/540/QS111/match-stats,01:08:00,68,13,1,32,48,30,32,10,16,0,0,40,48,12,33,14,29,3,6,10,10,26,62,66,110,2,4,33,62,21,33,15,29,3,6,36,62,2,32,6,16,0,0,10,10,8,48,44,110
39,2018-540-kd46-a853,/en/scores/2018/540/QS115/match-stats,01:58:00,118,12,1,54,82,43,54,18,28,1,2,61,82,13,64,16,30,1,2,15,16,29,94,90,176,13,7,64,94,51,64,14,30,1,2,65,94,11,54,10,28,1,2,16,15,21,82,86,176
39,2018-540-ta46-da67,/en/scores/2018/540/QS071/match-stats,01:00:00,60,12,1,40,62,38,40,9,22,1,2,47,62,13,44,8,15,2,3,11,10,21,59,68,121,4,1,44,59,31,44,7,15,1,3,38,59,2,40,13,22,1,2,10,11,15,62,53,121
39,2018-540-g676-o513,/en/scores/2018/540/QS087/match-stats,02:29:00,149,5,10,82,142,54,82,30,60,6,11,84,142,26,75,20,41,6,11,19,19,46,116,130,258,5,8,75,116,49,75,21,41,5,11,70,116,28,82,30,60,5,11,19,19,58,142,128,258
39,2018-540-bk92-mf35,/en/scores/2018/540/QS119/match-stats,01:59:00,119,9,6,66,94,47,66,11,28,6,8,58,94,20,54,21,40,3,11,13,12,41,94,99,188,3,4,54,94,34,54,19,40,8,11,53,94,19,66,17,28,2,8,12,13,36,94,89,188
39,2018-540-ha71-rh16,/en/scores/2018/540/QS123/match-stats,01:14:00,74,5,3,38,57,28,38,15,19,1,2,43,57,13,41,9,20,3,6,11,11,22,61,65,118,6,2,41,61,28,41,11,20,3,6,39,61,10,38,4,19,1,2,11,11,14,57,53,118
39,2018-540-bc65-pg94,/en/scores/2018/540/QS073/match-stats,02:19:00,139,10,7,70,119,54,70,25,49,11,13,79,119,22,75,15,27,3,8,17,16,37,102,116,221,5,0,75,102,53,75,12,27,5,8,65,102,16,70,24,49,2,13,16,17,40,119,105,221
39,2018-540-bd80-le01,/en/scores/2018/540/QS078/match-stats,01:50:00,110,2,7,62,96,39,62,21,34,4,7,60,96,20,50,14,28,6,8,14,14,34,78,94,174,2,1,50,78,30,50,14,28,2,8,44,78,23,62,13,34,3,7,14,14,36,96,80,174
39,2018-540-bm95-wb08,/en/scores/2018/540/QS118/match-stats,02:03:00,123,2,3,69,118,42,69,28,49,15,17,70,118,18,56,22,39,4,6,14,14,40,95,110,213,2,7,56,95,38,56,17,39,2,6,55,95,27,69,21,49,2,17,14,14,48,118,103,213
39,2018-540-be68-sq80,/en/scores/2018/540/QS070/match-stats,01:24:00,84,2,4,45,68,34,45,13,23,2,3,47,68,12,48,17,28,3,6,10,11,29,76,76,144,4,4,48,76,36,48,11,28,3,6,47,76,11,45,10,23,1,3,11,10,21,68,68,144
39,2018-540-ce25-mb53,/en/scores/2018/540/QS077/match-stats,01:20:00,80,5,0,43,64,29,43,13,21,4,4,42,64,19,44,12,20,4,13,8,8,31,64,73,128,5,2,44,64,25,44,8,20,9,13,33,64,14,43,8,21,0,4,8,8,22,64,55,128
39,2018-540-gd64-lb84,/en/scores/2018/540/QS106/match-stats,01:02:00,62,5,2,30,51,28,30,14,21,1,1,42,51,11,33,11,24,2,3,10,9,22,57,64,108,0,2,33,57,22,33,13,24,1,3,35,57,2,30,7,21,0,1,9,10,9,51,44,108
39,2018-540-gb61-bf23,/en/scores/2018/540/QS121/match-stats,01:02:00,62,6,2,38,57,32,38,10,19,3,3,42,57,13,41,10,17,3,7,10,10,23,58,65,115,4,1,41,58,28,41,7,17,4,7,35,58,6,38,9,19,0,3,10,10,15,57,50,115
39,2018-540-dh50-m0cw,/en/scores/2018/540/QS093/match-stats,01:10:00,70,3,1,33,53,24,33,15,20,1,1,39,53,13,33,10,21,3,7,9,9,23,54,62,107,3,3,33,54,20,33,11,21,4,7,31,54,9,33,5,20,0,1,9,9,14,53,45,107
39,2018-540-g983-pe02,/en/scores/2018/540/QS081/match-stats,01:07:00,67,8,5,35,57,28,35,12,22,5,5,40,57,17,42,11,18,3,11,9,9,28,60,68,117,6,2,42,60,25,42,7,18,8,11,32,60,7,35,10,22,0,5,9,9,17,57,49,117
39,2018-540-gb93-sj22,/en/scores/2018/540/QS086/match-stats,01:12:00,72,3,3,31,52,27,31,10,21,2,2,37,52,14,46,21,27,4,14,8,9,35,73,72,125,5,5,46,73,32,46,6,27,10,14,38,73,4,31,11,21,0,2,9,8,15,52,53,125
39,2018-540-gd08-g935,/en/scores/2018/540/QS089/match-stats,01:32:00,92,4,2,40,67,34,40,14,27,0,1,48,67,21,56,17,37,3,10,12,12,38,93,86,160,4,1,56,93,35,56,20,37,7,10,55,93,6,40,13,27,1,1,12,12,19,67,74,160
39,2018-540-hb05-o482,/en/scores/2018/540/QS066/match-stats,00:53:00,53,6,0,31,43,26,31,8,12,2,2,34,43,18,37,6,11,4,8,8,8,24,48,58,91,1,1,37,48,19,37,5,11,4,8,24,48,5,31,4,12,0,2,8,8,9,43,33,91
39,2018-540-ka98-o408,/en/scores/2018/540/QS122/match-stats,00:52:00,52,13,2,28,41,27,28,9,13,0,0,36,41,18,41,9,17,3,6,9,8,27,58,63,99,1,1,41,58,23,41,8,17,3,6,31,58,1,28,4,13,0,0,8,9,5,41,36,99
39,2018-540-j380-mm66,/en/scores/2018/540/QS126/match-stats,00:53:00,53,6,4,31,46,25,31,9,15,2,2,34,46,14,34,12,17,4,8,8,8,26,51,60,97,4,4,34,51,20,34,5,17,4,8,25,51,6,31,6,15,0,2,8,8,12,46,37,97
39,2018-540-k839-ga94,/en/scores/2018/540/QS125/match-stats,01:00:00,60,0,3,20,47,16,20,18,27,2,3,34,47,13,33,15,20,4,8,9,8,28,53,62,100,1,1,33,53,20,33,5,20,4,8,25,53,4,20,9,27,1,3,8,9,13,47,38,100
39,2018-540-ke73-i230,/en/scores/2018/540/QS085/match-stats,01:24:00,84,8,5,32,58,22,32,16,26,1,3,38,58,18,40,16,34,4,16,10,9,34,74,72,132,2,0,40,74,22,40,18,34,12,16,40,74,10,32,10,26,2,3,9,10,20,58,60,132
39,2018-540-ke64-ba65,/en/scores/2018/540/QS098/match-stats,00:50:00,50,2,5,31,46,25,31,6,15,2,4,31,46,15,27,14,20,6,9,8,8,29,47,60,93,2,3,27,47,12,27,6,20,3,9,18,47,6,31,9,15,2,4,8,8,15,46,33,93
39,2018-540-kh56-m0fa,/en/scores/2018/540/QS110/match-stats,01:29:00,89,2,3,46,80,32,46,21,34,9,9,53,80,16,44,19,35,3,11,9,10,35,79,88,159,3,5,44,79,28,44,16,35,8,11,44,79,14,46,13,34,0,9,10,9,27,80,71,159
39,2018-540-kb95-d981,/en/scores/2018/540/QS094/match-stats,00:52:00,52,5,0,30,46,24,30,10,16,1,1,34,46,7,16,14,23,4,6,8,7,21,39,55,85,2,3,16,39,9,16,9,23,2,6,18,39,6,30,6,16,0,1,7,8,12,46,30,85
39,2018-540-lb66-u134,/en/scores/2018/540/QS109/match-stats,01:15:00,75,3,2,33,63,22,33,15,30,3,5,37,63,19,40,14,21,6,10,9,9,33,61,70,124,2,2,40,61,21,40,7,21,4,10,28,61,11,33,15,30,2,5,9,9,26,63,54,124
39,2018-540-m762-kc04,/en/scores/2018/540/QS097/match-stats,01:51:00,111,16,5,48,86,42,48,19,38,1,2,61,86,16,53,21,41,4,7,15,14,37,94,98,180,3,5,53,94,37,53,20,41,3,7,57,94,6,48,19,38,1,2,14,15,25,86,82,180
39,2018-540-la93-ki95,/en/scores/2018/540/QS069/match-stats,01:01:00,61,7,2,40,59,30,40,13,19,0,0,43,59,6,21,8,25,2,3,10,9,14,46,57,105,4,3,21,46,15,21,17,25,1,3,32,46,10,40,6,19,0,0,9,10,16,59,48,105
39,2018-540-mj71-hg86,/en/scores/2018/540/QS082/match-stats,00:59:00,59,5,1,30,46,25,30,11,16,0,0,36,46,9,35,13,20,3,8,9,9,22,55,58,101,3,0,35,55,26,35,7,20,5,8,33,55,5,30,5,16,0,0,9,9,10,46,43,101
39,2018-540-mq75-n897,/en/scores/2018/540/QS114/match-stats,00:57:00,57,3,2,27,46,22,27,11,19,6,6,33,46,15,28,13,19,5,9,7,7,28,47,61,93,0,3,28,47,13,28,6,19,4,9,19,47,5,27,8,19,0,6,7,7,13,46,32,93
39,2018-540-o522-kc12,/en/scores/2018/540/QS105/match-stats,02:09:00,129,18,2,70,106,55,70,16,36,3,4,71,106,18,60,10,30,2,11,16,15,28,90,99,196,9,2,60,90,42,60,20,30,9,11,62,90,15,70,20,36,1,4,15,16,35,106,97,196
39,2018-540-sk47-d0co,/en/scores/2018/540/QS102/match-stats,01:27:00,87,1,2,56,83,37,56,17,27,7,7,54,83,9,40,14,21,2,5,10,10,23,61,77,144,4,8,40,61,31,40,7,21,3,5,38,61,19,56,10,27,0,7,10,10,29,83,67,144
39,2018-540-db59-gc89,/en/scores/2018/540/QS074/match-stats,00:50:00,50,3,2,27,44,23,27,10,17,1,1,33,44,10,28,14,21,4,7,8,8,24,49,57,93,6,2,28,49,18,28,7,21,3,7,25,49,4,27,7,17,0,1,8,8,11,44,36,93
39,2018-540-sp24-g725,/en/scores/2018/540/QS065/match-stats,01:28:00,88,7,5,36,65,28,36,16,29,3,4,44,65,20,48,11,28,3,8,11,11,31,76,75,141,2,1,48,76,28,48,17,28,5,8,45,76,8,36,13,29,1,4,11,11,21,65,66,141
39,2018-540-sj55-i236,/en/scores/2018/540/QS101/match-stats,01:55:00,115,6,1,64,85,57,64,13,21,3,3,70,85,14,63,17,36,4,7,16,17,31,99,101,184,8,1,63,99,49,63,19,36,3,7,68,99,7,64,8,21,0,3,17,16,15,85,83,184
39,2018-540-v495-kb14,/en/scores/2018/540/QS090/match-stats,00:56:00,56,4,1,38,47,30,38,4,9,1,1,34,47,10,27,8,12,4,4,8,8,18,39,52,86,1,2,27,39,17,27,4,12,0,4,21,39,8,38,5,9,0,1,8,8,13,47,34,86
39,2018-540-w503-ta29,/en/scores/2018/540/QS117/match-stats,01:24:00,84,4,2,45,71,35,45,17,26,1,1,52,71,13,38,11,29,1,5,11,10,24,67,76,138,4,3,38,67,25,38,18,29,4,5,43,67,10,45,9,26,0,1,10,11,19,71,62,138
39,2018-540-w579-kc86,/en/scores/2018/540/QS113/match-stats,01:59:00,119,5,3,48,85,35,48,23,37,6,8,58,85,28,72,12,21,5,13,14,14,40,93,98,178,2,2,72,93,44,72,9,21,8,13,53,93,13,48,14,37,2,8,14,14,27,85,80,178
