5,2018-580-f324-c977,/en/scores/2018/580/MS001/match-stats,03:03:00,183,24,4,84,139,67,84,32,55,7,9,99,139,27,88,26,53,6,13,23,22,53,141,152,280,16,5,88,141,61,88,27,53,7,13,88,141,17,84,23,55,2,9,22,23,40,139,128,280
5,2018-580-c977-n409,/en/scores/2018/580/MS004/match-stats,03:47:00,227,20,8,93,138,72,93,17,45,8,10,89,138,40,123,28,41,5,19,20,20,68,164,157,302,3,2,123,164,83,123,13,41,14,19,96,164,21,93,28,45,2,10,20,20,49,138,145,302
5,2018-580-f324-ch27,/en/scores/2018/580/MS003/match-stats,01:02:00,62,9,1,16,37,15,16,15,21,1,1,30,37,13,30,14,23,4,11,7,7,27,53,57,90,1,3,30,53,17,30,9,23,7,11,26,53,1,16,6,21,0,1,7,7,7,37,33,90
5,2018-580-c977-e831,/en/scores/2018/580/MS002/match-stats,02:18:00,138,11,1,50,89,45,50,22,39,2,2,67,89,24,68,17,33,4,8,14,14,41,101,108,190,7,3,68,101,44,68,16,33,4,8,60,101,5,50,17,39,0,2,14,14,22,89,82,190
5,2018-580-f324-ba47,/en/scores/2018/580/MS007/match-stats,02:14:00,134,15,5,60,96,50,60,19,36,3,5,69,96,16,53,20,41,4,8,16,15,36,94,105,190,4,1,53,94,37,53,21,41,4,8,58,94,10,60,17,36,2,5,15,16,27,96,85,190
5,2018-580-ch27-sl08,/en/scores/2018/580/MS006/match-stats,02:28:00,148,7,3,81,107,57,81,16,26,6,8,73,107,16,57,26,47,4,13,16,15,42,104,115,211,12,5,57,104,41,57,21,47,9,13,62,104,24,81,10,26,2,8,15,16,34,107,96,211
5,2018-580-n409-sm37,/en/scores/2018/580/MS008/match-stats,03:51:00,231,7,4,100,146,63,100,28,46,15,18,91,146,26,79,38,68,7,18,20,19,64,147,155,293,12,3,79,147,53,79,30,68,11,18,83,147,37,100,18,46,3,18,19,20,55,146,138,293
5,2018-580-f324-f724,/en/scores/2018/580/MS015/match-stats,02:01:00,121,6,2,48,81,40,48,25,33,0,0,65,81,19,57,24,51,3,10,15,15,43,108,108,189,5,6,57,108,38,57,27,51,7,10,65,108,8,48,8,33,0,0,15,15,16,81,81,189
5,2018-580-e831-d875,/en/scores/2018/580/MS005/match-stats,02:49:00,169,13,4,80,124,60,80,19,44,6,9,79,124,23,73,20,43,5,15,19,19,43,116,122,240,7,7,73,116,50,73,23,43,10,15,73,116,20,80,25,44,3,9,19,19,45,124,118,240
5,2018-580-sl08-tb69,/en/scores/2018/580/MS012/match-stats,03:54:00,234,20,4,138,186,101,138,26,48,10,12,127,186,25,104,27,57,4,8,26,25,52,161,179,347,20,4,104,161,79,104,30,57,4,8,109,161,37,138,22,48,2,12,25,26,59,186,168,347
5,2018-580-ch27-d643,/en/scores/2018/580/MS013/match-stats,03:21:00,201,1,2,91,136,59,91,21,45,14,19,80,136,28,81,30,49,6,10,18,18,58,130,138,266,2,9,81,130,53,81,19,49,4,10,72,130,32,91,24,45,5,19,18,18,56,136,128,266
5,2018-580-d875-ke17,/en/scores/2018/580/MS010/match-stats,03:26:00,206,16,7,111,158,90,111,19,47,2,5,109,158,21,101,27,54,2,9,23,23,48,155,157,313,36,7,101,155,80,101,27,54,7,9,107,155,21,111,28,47,3,5,23,23,49,158,156,313
5,2018-580-e831-sa93,/en/scores/2018/580/MS011/match-stats,02:57:00,177,25,3,80,128,64,80,28,48,5,6,92,128,24,80,22,46,5,15,21,20,46,126,138,254,12,2,80,126,56,80,24,46,10,15,80,126,16,80,20,48,1,6,20,21,36,128,116,254
5,2018-580-ba47-f510,/en/scores/2018/580/MS014/match-stats,02:08:00,128,10,1,42,89,32,42,27,47,7,9,59,89,24,47,16,36,6,11,14,13,40,83,99,172,3,4,47,83,23,47,20,36,5,11,43,83,10,42,20,47,2,9,13,14,30,89,73,172
5,2018-580-n409-d923,/en/scores/2018/580/MS016/match-stats,01:50:00,110,4,0,51,79,34,51,19,28,1,2,53,79,18,40,24,35,7,16,12,11,42,75,95,154,5,6,40,75,22,40,11,35,9,16,33,75,17,51,9,28,1,2,11,12,26,79,59,154
5,2018-580-c977-cd85,/en/scores/2018/580/MS009/match-stats,03:27:00,207,20,4,83,133,67,83,25,50,2,6,92,133,40,107,20,45,6,14,22,23,60,152,152,285,9,3,107,152,67,107,25,45,8,14,92,152,16,83,25,50,4,6,23,22,41,133,133,285
5,2018-580-ch27-z355,/en/scores/2018/580/MS027/match-stats,03:22:00,202,5,3,107,142,83,107,17,35,3,6,100,142,24,84,24,52,4,10,24,23,48,136,148,278,21,5,84,136,60,84,28,52,6,10,88,136,24,107,18,35,3,6,23,24,42,142,130,278
5,2018-580-f324-g628,/en/scores/2018/580/MS031/match-stats,01:59:00,119,12,1,61,94,49,61,14,33,1,2,63,94,20,61,17,29,5,8,15,15,37,90,100,184,3,3,61,90,41,61,12,29,3,8,53,90,12,61,19,33,1,2,15,15,31,94,84,184
5,2018-580-d875-re44,/en/scores/2018/580/MS020/match-stats,03:04:00,184,13,15,89,142,68,89,20,53,11,15,88,142,28,84,29,52,6,19,20,19,57,136,145,278,4,13,84,136,56,84,23,52,13,19,79,136,21,89,33,53,4,15,19,20,54,142,133,278
5,2018-580-tb69-me82,/en/scores/2018/580/MS024/match-stats,02:08:00,128,9,2,52,87,37,52,21,35,1,3,58,87,26,56,19,36,6,12,15,15,45,92,103,179,3,3,56,92,30,56,17,36,6,12,47,92,15,52,14,35,2,3,15,15,29,87,76,179
5,2018-580-ba47-d683,/en/scores/2018/580/MS029/match-stats,02:16:00,136,20,5,56,94,43,56,16,38,7,9,59,94,20,52,26,34,7,18,13,13,46,86,105,180,7,3,52,86,32,52,8,34,11,18,40,86,13,56,22,38,2,9,13,13,35,94,75,180
5,2018-580-cd85-ma30,/en/scores/2018/580/MS018/match-stats,03:18:00,198,14,4,105,142,81,105,21,37,3,4,102,142,14,88,28,50,2,4,23,23,42,138,144,280,40,5,88,138,74,88,22,50,2,4,96,138,24,105,16,37,1,4,23,23,40,142,136,280
5,2018-580-c977-h940,/en/scores/2018/580/MS019/match-stats,02:29:00,149,16,2,70,103,58,70,20,33,5,6,78,103,23,72,16,39,2,4,17,16,39,111,117,214,10,1,72,111,49,72,23,39,2,4,72,111,12,70,13,33,1,6,16,17,25,103,97,214
5,2018-580-d643-r772,/en/scores/2018/580/MS026/match-stats,02:21:00,141,2,3,55,87,44,55,16,32,6,6,60,87,23,57,19,39,5,12,13,13,42,96,102,183,3,3,57,96,34,57,20,39,7,12,54,96,11,55,16,32,0,6,13,13,27,87,81,183
5,2018-580-sm37-d801,/en/scores/2018/580/MS017/match-stats,02:38:00,158,13,4,69,118,49,69,28,49,7,10,77,118,25,67,31,56,8,12,19,19,56,123,133,241,5,6,67,123,42,67,25,56,4,12,67,123,20,69,21,49,3,10,19,19,41,118,108,241
5,2018-580-f510-b747,/en/scores/2018/580/MS028/match-stats,03:00:00,180,3,6,92,142,65,92,24,50,11,14,89,142,30,83,23,43,7,12,21,22,53,126,142,268,10,6,83,126,53,83,20,43,5,12,73,126,27,92,26,50,3,14,22,21,53,142,126,268
5,2018-580-ke17-t786,/en/scores/2018/580/MS021/match-stats,03:17:00,197,28,3,96,146,76,96,32,50,3,5,108,146,13,97,21,43,1,4,23,23,34,140,142,286,28,4,97,140,84,97,22,43,3,4,106,140,20,96,18,50,2,5,23,23,38,146,144,286
5,2018-580-e831-bg23,/en/scores/2018/580/MS022/match-stats,03:34:00,214,20,2,82,133,58,82,32,51,2,7,90,133,43,122,48,81,7,27,24,25,91,203,181,336,12,17,122,203,79,122,33,81,20,27,112,203,24,82,19,51,5,7,25,24,43,133,155,336
5,2018-580-f724-kc29,/en/scores/2018/580/MS030/match-stats,01:56:00,116,12,0,50,73,39,50,13,23,0,1,52,73,21,52,22,35,6,9,13,13,43,87,95,160,4,3,52,87,31,52,13,35,3,9,44,87,11,50,10,23,1,1,13,13,21,73,65,160
5,2018-580-sa93-k336,/en/scores/2018/580/MS023/match-stats,03:51:00,231,23,7,101,175,86,101,52,74,2,2,138,175,25,129,22,53,2,9,31,30,47,182,185,357,52,6,129,182,104,129,31,53,7,9,135,182,15,101,22,74,0,2,30,31,37,175,172,357
5,2018-580-sl08-mn13,/en/scores/2018/580/MS025/match-stats,02:56:00,176,13,0,100,131,80,100,18,31,6,8,98,131,28,96,16,40,3,6,23,22,44,136,142,267,8,2,96,136,68,96,24,40,3,6,92,136,20,100,13,31,2,8,22,23,33,131,125,267
5,2018-580-n409-md56,/en/scores/2018/580/MS032/match-stats,02:38:00,158,4,1,69,94,55,69,15,25,4,5,70,94,22,71,21,38,3,12,16,15,43,109,113,203,15,6,71,109,49,71,17,38,9,12,66,109,14,69,10,25,1,5,15,16,24,94,90,203
5,2018-580-z355-g967,/en/scores/2018/580/MS055/match-stats,01:59:00,119,25,1,70,103,55,70,19,33,1,2,74,103,21,68,26,43,5,17,18,17,47,111,121,214,9,5,68,111,47,68,17,43,12,17,64,111,15,70,14,33,1,2,17,18,29,103,93,214
5,2018-580-f324-sl28,/en/scores/2018/580/MS063/match-stats,01:55:00,115,17,1,53,92,44,53,26,39,2,3,70,92,13,54,26,53,3,11,16,16,39,107,109,199,7,5,54,107,41,54,27,53,8,11,68,107,9,53,13,39,1,3,16,16,22,92,90,199
5,2018-580-d875-mk66,/en/scores/2018/580/MS040/match-stats,03:25:00,205,8,9,101,147,78,101,13,46,6,11,91,147,22,85,35,66,5,12,24,24,57,151,148,298,4,6,85,151,63,85,31,66,7,12,94,151,23,101,33,46,5,11,24,24,56,147,150,298
5,2018-580-tb69-kb09,/en/scores/2018/580/MS048/match-stats,03:48:00,228,21,8,86,149,72,86,24,63,4,8,96,149,38,102,43,79,8,18,23,24,81,181,177,330,12,9,102,181,64,102,36,79,10,18,100,181,14,86,39,63,4,8,24,23,53,149,153,330
5,2018-580-c977-sh90,/en/scores/2018/580/MS039/match-stats,01:45:00,105,20,0,41,61,38,41,18,20,0,0,56,61,16,52,23,35,5,10,14,13,39,87,95,148,6,2,52,87,36,52,12,35,5,10,48,87,3,41,2,20,0,0,13,14,5,61,53,148
5,2018-580-b747-gb88,/en/scores/2018/580/MS056/match-stats,02:54:00,174,13,14,86,143,60,86,18,57,9,16,78,143,25,72,31,59,6,16,20,18,56,131,134,274,20,4,72,131,47,72,28,59,10,16,75,131,26,86,39,57,7,16,18,20,65,143,140,274
5,2018-580-sl08-w367,/en/scores/2018/580/MS051/match-stats,01:28:00,88,11,1,47,66,38,47,15,19,2,2,53,66,23,55,14,28,5,13,13,12,37,83,90,149,4,2,55,83,32,55,14,28,8,13,46,83,9,47,4,19,0,2,12,13,13,66,59,149
5,2018-580-cd85-sd32,/en/scores/2018/580/MS036/match-stats,00:44:00,44,5,0,20,33,15,20,9,13,4,4,24,33,8,20,13,15,4,6,5,6,21,35,45,68,2,2,20,35,12,20,2,15,2,6,14,35,5,20,4,13,0,4,6,5,9,33,23,68
5,2018-580-f724-q927,/en/scores/2018/580/MS060/match-stats,02:43:00,163,14,7,73,130,60,73,30,57,10,12,90,130,21,84,31,60,4,16,20,20,52,144,142,274,19,5,84,144,63,84,29,60,12,16,92,144,13,73,27,57,2,12,20,20,40,130,132,274
5,2018-580-d643-mc65,/en/scores/2018/580/MS052/match-stats,02:45:00,165,5,11,77,117,56,77,18,40,5,8,74,117,22,60,32,54,7,15,18,17,54,114,128,231,5,15,60,114,38,60,22,54,8,15,60,114,21,77,22,40,3,8,17,18,43,117,103,231
5,2018-580-d683-ke29,/en/scores/2018/580/MS059/match-stats,03:45:00,225,13,3,90,142,73,90,25,52,2,3,98,142,24,102,25,50,3,15,22,22,49,152,147,294,28,3,102,152,78,102,25,50,12,15,103,152,17,90,27,52,1,3,22,22,44,142,147,294
5,2018-580-t786-su55,/en/scores/2018/580/MS043/match-stats,03:37:00,217,9,8,78,158,66,78,36,80,7,11,102,158,23,88,28,67,3,8,24,25,51,155,153,313,11,8,88,155,65,88,39,67,5,8,104,155,12,78,44,80,4,11,25,24,56,158,160,313
5,2018-580-ba47-g476,/en/scores/2018/580/MS058/match-stats,02:31:00,151,12,2,64,109,51,64,20,45,6,9,71,109,19,58,26,51,6,13,17,17,45,109,116,218,8,5,58,109,39,58,25,51,7,13,64,109,13,64,25,45,3,9,17,17,38,109,102,218
5,2018-580-ke17-t840,/en/scores/2018/580/MS042/match-stats,02:12:00,132,17,3,69,97,58,69,14,28,1,2,72,97,20,75,24,40,3,11,17,17,44,115,116,212,16,6,75,115,55,75,16,40,8,11,71,115,11,69,14,28,1,2,17,17,25,97,96,212
5,2018-580-r772-sf62,/en/scores/2018/580/MS053/match-stats,02:08:00,128,6,4,49,83,45,49,21,34,3,3,66,83,20,64,18,35,3,11,15,15,38,99,104,182,8,0,64,99,44,64,17,35,8,11,61,99,4,49,13,34,0,3,15,15,17,83,78,182
5,2018-580-ma30-j267,/en/scores/2018/580/MS037/match-stats,04:02:00,242,32,8,109,175,91,109,26,66,12,14,117,175,23,92,34,79,5,18,25,26,57,171,174,346,11,9,92,171,69,92,45,79,13,18,114,171,18,109,40,66,2,14,26,25,58,175,172,346
5,2018-580-f510-d864,/en/scores/2018/580/MS057/match-stats,02:20:00,140,6,5,61,117,42,61,35,56,2,4,77,117,17,63,26,43,5,14,17,17,43,106,120,223,3,4,63,106,46,63,17,43,9,14,63,106,19,61,21,56,2,4,17,17,40,117,103,223
5,2018-580-sm37-rh16,/en/scores/2018/580/MS034/match-stats,01:58:00,118,6,4,38,80,34,38,20,42,1,2,54,80,24,60,21,36,6,11,13,14,45,96,99,176,9,2,60,96,36,60,15,36,5,11,51,96,4,38,22,42,1,2,14,13,26,80,77,176
5,2018-580-me82-v708,/en/scores/2018/580/MS049/match-stats,03:08:00,188,19,8,80,132,62,80,26,52,7,12,88,132,27,86,30,49,6,11,22,20,57,135,145,267,13,11,86,135,59,86,19,49,5,11,78,135,18,80,26,52,5,12,20,22,44,132,122,267
5,2018-580-d923-mh30,/en/scores/2018/580/MS033/match-stats,02:39:00,159,7,5,65,117,45,65,28,52,4,8,73,117,30,81,21,40,7,15,19,19,51,121,124,238,13,3,81,121,51,81,19,40,8,15,70,121,20,65,24,52,4,8,19,19,44,117,114,238
5,2018-580-g628-su87,/en/scores/2018/580/MS062/match-stats,01:53:00,113,7,4,48,69,42,48,10,21,1,1,52,69,26,65,26,44,6,16,12,13,52,109,104,178,9,3,65,109,39,65,18,44,10,16,57,109,6,48,11,21,0,1,13,12,17,69,74,178
5,2018-580-re44-b837,/en/scores/2018/580/MS041/match-stats,03:02:00,182,5,14,60,122,50,60,25,62,3,8,75,122,24,81,44,69,9,24,20,20,68,150,143,272,23,6,81,150,57,81,25,69,15,24,82,150,10,60,37,62,5,8,20,20,47,122,129,272
5,2018-580-bg23-be54,/en/scores/2018/580/MS045/match-stats,01:41:00,101,6,7,46,89,37,46,27,43,1,1,64,89,15,52,21,30,5,7,14,14,36,82,100,171,6,3,52,82,37,52,9,30,2,7,46,82,9,46,16,43,0,1,14,14,25,89,71,171
5,2018-580-e831-i165,/en/scores/2018/580/MS044/match-stats,01:29:00,89,9,1,43,64,40,43,13,21,0,0,53,64,15,45,19,34,5,9,13,13,34,79,87,143,4,0,45,79,30,45,15,34,4,9,45,79,3,43,8,21,0,0,13,13,11,64,56,143
5,2018-580-ch27-mm58,/en/scores/2018/580/MS054/match-stats,01:56:00,116,3,4,46,77,39,46,20,31,2,3,59,77,25,63,21,34,6,12,13,13,46,97,105,174,12,2,63,97,38,63,13,34,6,12,51,97,7,46,11,31,1,3,13,13,18,77,69,174
5,2018-580-d801-e690,/en/scores/2018/580/MS035/match-stats,02:08:00,128,19,8,61,107,48,61,23,46,6,8,71,107,28,72,16,28,5,12,15,16,44,100,115,207,5,2,72,100,44,72,12,28,7,12,56,100,13,61,23,46,2,8,16,15,36,107,92,207
5,2018-580-h940-c882,/en/scores/2018/580/MS038/match-stats,01:56:00,116,14,3,58,93,51,58,18,35,0,0,69,93,13,56,24,46,2,5,16,16,37,102,106,195,7,7,56,102,43,56,22,46,3,5,65,102,7,58,17,35,0,0,16,16,24,93,89,195
5,2018-580-k336-se73,/en/scores/2018/580/MS047/match-stats,04:33:00,273,53,10,137,207,117,137,37,70,11,12,154,207,23,133,38,80,2,10,34,34,61,213,215,420,16,14,133,213,110,133,42,80,8,10,152,213,20,137,33,70,1,12,34,34,53,207,205,420
5,2018-580-kc29-l797,/en/scores/2018/580/MS061/match-stats,02:32:00,152,2,2,77,110,50,77,12,33,3,9,62,110,24,76,32,50,8,17,19,20,56,126,118,236,14,2,76,126,52,76,18,50,9,17,70,126,27,77,21,33,6,9,20,19,48,110,118,236
5,2018-580-mn13-v306,/en/scores/2018/580/MS050/match-stats,03:27:00,207,16,2,108,160,79,108,27,52,6,8,106,160,23,105,22,44,2,6,25,25,45,149,151,309,15,8,105,149,82,105,22,44,4,6,104,149,29,108,25,52,2,8,25,25,54,160,158,309
5,2018-580-f324-bh09,/en/scores/2018/580/MS127/match-stats,01:39:00,99,12,3,58,81,45,58,14,23,2,2,59,81,15,50,22,40,4,13,14,14,37,90,96,171,2,5,50,90,35,50,18,40,9,13,53,90,13,58,9,23,0,2,14,14,22,81,75,171
5,2018-580-sa93-n732,/en/scores/2018/580/MS046/match-stats,01:51:00,111,9,3,48,91,40,48,22,43,5,5,62,91,21,51,15,29,5,8,13,13,36,80,98,171,1,3,51,80,30,51,14,29,3,8,44,80,8,48,21,43,0,5,13,13,29,91,73,171
5,2018-580-n409-e224,/en/scores/2018/580/MS064/match-stats,01:34:00,94,2,1,48,66,37,48,12,18,5,6,49,66,21,40,16,21,8,12,11,10,37,61,86,127,1,1,40,61,19,40,5,21,4,12,24,61,11,48,6,18,1,6,10,11,17,66,41,127
5,2018-580-z355-f586,/en/scores/2018/580/MS111/match-stats,02:22:00,142,17,5,76,115,54,76,20,39,12,14,74,115,16,51,31,52,5,10,16,15,47,103,121,218,5,6,51,103,35,51,21,52,5,10,56,103,22,76,19,39,2,14,15,16,41,115,97,218
5,2018-580-d875-db59,/en/scores/2018/580/MS080/match-stats,01:38:00,98,7,5,38,69,33,38,18,31,2,2,51,69,23,49,21,34,6,14,12,12,44,83,95,152,3,2,49,83,26,49,13,34,8,14,39,83,5,38,13,31,0,2,12,12,18,69,57,152
5,2018-580-tb69-pc11,/en/scores/2018/580/MS096/match-stats,02:16:00,136,15,5,69,111,54,69,21,42,6,6,75,111,16,55,15,35,3,8,15,15,31,90,106,201,3,1,55,90,39,55,20,35,5,8,59,90,15,69,21,42,0,6,15,15,36,111,95,201
5,2018-580-c977-pd07,/en/scores/2018/580/MS079/match-stats,03:17:00,197,20,3,71,118,55,71,26,47,3,5,81,118,21,80,43,73,5,18,19,19,64,153,145,271,12,6,80,153,59,80,30,73,13,18,89,153,16,71,21,47,2,5,19,19,37,118,126,271
5,2018-580-gb88-bc65,/en/scores/2018/580/MS112/match-stats,02:33:00,153,13,7,75,121,55,75,26,46,4,7,81,121,19,66,26,45,7,12,20,19,45,111,126,232,6,4,66,111,47,66,19,45,5,12,66,111,20,75,20,46,3,7,19,20,40,121,106,232
5,2018-580-se73-sm25,/en/scores/2018/580/MS095/match-stats,02:33:00,153,14,4,71,121,53,71,30,50,7,12,83,121,22,69,26,43,7,9,21,19,48,112,131,233,6,7,69,112,47,69,17,43,2,9,64,112,18,71,20,50,5,12,19,21,38,121,102,233
5,2018-580-w367-be90,/en/scores/2018/580/MS103/match-stats,02:47:00,167,15,5,67,134,48,67,36,67,5,9,84,134,22,72,17,44,4,12,20,19,39,116,123,250,11,1,72,116,50,72,27,44,8,12,77,116,19,67,31,67,4,9,19,20,50,134,127,250
5,2018-580-cd85-kb95,/en/scores/2018/580/MS072/match-stats,03:31:00,211,10,4,81,122,58,81,17,41,4,9,75,122,32,91,40,62,9,20,20,21,72,153,147,275,6,11,91,153,59,91,22,62,11,20,81,153,23,81,24,41,5,9,21,20,47,122,128,275
5,2018-580-d683-td51,/en/scores/2018/580/MS119/match-stats,02:14:00,134,14,1,61,86,51,61,10,25,4,4,61,86,14,46,24,45,4,7,14,14,38,91,99,177,9,2,46,91,32,46,21,45,3,7,53,91,10,61,15,25,0,4,14,14,25,86,78,177
5,2018-580-e831-a678,/en/scores/2018/580/MS088/match-stats,03:59:00,239,11,5,108,170,84,108,31,62,9,11,115,170,16,93,24,46,4,11,25,24,40,139,155,309,35,2,93,139,77,93,22,46,7,11,99,139,24,108,31,62,2,11,24,25,55,170,154,309
5,2018-580-q927-l397,/en/scores/2018/580/MS120/match-stats,01:31:00,91,28,4,46,78,39,46,21,32,0,0,60,78,25,65,12,24,4,13,14,13,37,89,97,167,13,2,65,89,40,65,12,24,9,13,52,89,7,46,11,32,0,0,13,14,18,78,70,167
5,2018-580-d643-y124,/en/scores/2018/580/MS104/match-stats,01:51:00,111,4,1,38,66,30,38,20,28,1,2,50,66,31,59,20,44,6,25,13,12,51,103,101,169,2,2,59,103,28,59,24,44,19,25,52,103,8,38,8,28,1,2,12,13,16,66,68,169
5,2018-580-t786-kb14,/en/scores/2018/580/MS087/match-stats,02:01:00,121,5,4,51,86,41,51,18,35,5,5,59,86,26,71,23,36,5,15,13,14,49,107,108,193,6,6,71,107,45,71,13,36,10,15,58,107,10,51,17,35,0,5,14,13,27,86,85,193
5,2018-580-e690-i186,/en/scores/2018/580/MS071/match-stats,02:04:00,124,13,4,68,97,57,68,18,29,2,3,75,97,20,68,17,37,4,4,18,19,37,105,112,202,24,2,68,105,48,68,20,37,0,4,68,105,11,68,11,29,1,3,19,18,22,97,90,202
5,2018-580-ke17-sc73,/en/scores/2018/580/MS084/match-stats,01:27:00,87,16,1,58,79,44,58,13,21,2,2,57,79,19,49,13,21,5,7,13,12,32,70,89,149,3,3,49,70,30,49,8,21,2,7,38,70,14,58,8,21,0,2,12,13,22,79,60,149
5,2018-580-be54-pf39,/en/scores/2018/580/MS091/match-stats,03:11:00,191,11,2,108,166,73,108,38,58,12,14,111,166,24,85,23,52,4,8,22,22,47,137,158,303,14,6,85,137,61,85,29,52,4,8,90,137,35,108,20,58,2,14,22,22,55,166,145,303
5,2018-580-ba47-dh58,/en/scores/2018/580/MS116/match-stats,02:05:00,125,5,4,56,87,47,56,14,31,1,3,61,87,32,75,18,27,7,15,16,15,50,102,111,189,4,4,75,102,43,75,9,27,8,15,52,102,9,56,17,31,2,3,15,16,26,87,78,189
5,2018-580-r772-dc58,/en/scores/2018/580/MS107/match-stats,01:51:00,111,3,2,46,84,36,46,22,38,5,6,58,84,6,31,21,36,5,7,14,13,27,67,85,151,9,3,31,67,25,31,15,36,2,7,40,67,10,46,16,38,1,6,13,14,26,84,66,151
5,2018-580-ma30-d874,/en/scores/2018/580/MS075/match-stats,02:29:00,149,15,2,59,88,46,59,20,29,3,3,66,88,25,74,20,37,3,11,16,15,45,111,111,199,4,3,74,111,49,74,17,37,8,11,66,111,13,59,9,29,0,3,15,16,22,88,88,199
5,2018-580-sm37-l987,/en/scores/2018/580/MS068/match-stats,03:59:00,239,14,7,109,189,68,109,40,80,14,25,108,189,48,126,33,57,11,24,30,29,81,183,189,372,6,8,126,183,78,126,24,57,13,24,102,183,41,109,40,80,11,25,29,30,81,189,183,372
5,2018-580-l797-r975,/en/scores/2018/580/MS123/match-stats,03:22:00,202,19,7,91,151,73,91,32,60,4,5,105,151,14,91,36,65,3,9,23,23,50,156,155,307,36,6,91,156,77,91,29,65,6,9,106,156,18,91,28,60,1,5,23,23,46,151,152,307
5,2018-580-v306-bd06,/en/scores/2018/580/MS100/match-stats,02:07:00,127,10,5,54,77,45,54,11,23,2,4,56,77,34,80,16,27,7,11,15,16,50,107,106,184,1,1,80,107,46,80,11,27,4,11,57,107,9,54,12,23,2,4,16,15,21,77,78,184
5,2018-580-me82-bk40,/en/scores/2018/580/MS099/match-stats,01:47:00,107,1,2,47,78,40,47,21,31,1,1,61,78,11,48,14,31,3,4,15,15,25,79,86,157,12,2,48,79,37,48,17,31,1,4,54,79,7,47,10,31,0,1,15,15,17,78,71,157
5,2018-580-f510-z184,/en/scores/2018/580/MS115/match-stats,02:02:00,122,16,3,60,90,42,60,19,30,4,7,61,90,33,74,16,34,6,14,16,16,49,108,110,198,4,3,74,108,41,74,18,34,8,14,59,108,18,60,11,30,3,7,16,16,29,90,88,198
5,2018-580-n732-k435,/en/scores/2018/580/MS092/match-stats,02:39:00,159,3,2,79,116,50,79,17,37,11,17,67,116,26,68,32,54,8,19,19,19,58,122,125,238,8,4,68,122,42,68,22,54,11,19,64,122,29,79,20,37,6,17,19,19,49,116,113,238
5,2018-580-d923-l503,/en/scores/2018/580/MS067/match-stats,03:45:00,225,3,5,74,127,58,74,27,53,4,9,85,127,24,92,46,87,5,13,23,24,70,179,155,306,18,5,92,179,68,92,41,87,8,13,109,179,16,74,26,53,5,9,24,23,42,127,151,306
5,2018-580-g628-k834,/en/scores/2018/580/MS124/match-stats,02:05:00,125,10,1,55,85,40,55,17,30,2,5,57,85,16,41,27,49,7,12,15,14,43,90,100,175,0,4,41,90,25,41,22,49,5,12,47,90,15,55,13,30,3,5,14,15,28,85,75,175
5,2018-580-c882-y061,/en/scores/2018/580/MS076/match-stats,02:23:00,143,12,2,68,108,47,68,27,40,1,4,74,108,24,63,19,40,5,8,17,16,43,103,117,211,9,1,63,103,39,63,21,40,3,8,60,103,21,68,13,40,3,4,16,17,34,108,94,211
5,2018-580-re44-f401,/en/scores/2018/580/MS083/match-stats,03:50:00,230,13,15,96,179,68,96,34,83,9,17,102,179,46,102,35,63,13,21,26,26,81,165,183,344,3,10,102,165,56,102,28,63,8,21,84,165,28,96,49,83,8,17,26,26,77,179,161,344
5,2018-580-ch27-z168,/en/scores/2018/580/MS108/match-stats,00:48:00,48,3,2,21,35,17,21,9,14,3,3,26,35,18,33,6,12,4,6,6,7,24,45,50,80,1,3,33,45,15,33,6,12,2,6,21,45,4,21,5,14,0,3,7,6,9,35,30,80
5,2018-580-bg23-mi43,/en/scores/2018/580/MS090/match-stats,02:19:00,139,4,2,61,102,46,61,21,41,5,9,67,102,25,67,28,52,6,16,18,18,53,119,120,221,11,3,67,119,42,67,24,52,10,16,66,119,15,61,20,41,4,9,18,18,35,102,101,221
5,2018-580-b837-bf55,/en/scores/2018/580/MS082/match-stats,02:09:00,129,12,1,51,86,36,51,20,35,3,6,56,86,34,75,13,29,6,9,15,16,47,104,103,190,0,1,75,104,41,75,16,29,3,9,57,104,15,51,15,35,3,6,16,15,30,86,87,190
5,2018-580-b747-da81,/en/scores/2018/580/MS113/match-stats,03:27:00,207,8,5,90,132,68,90,17,42,5,9,85,132,45,104,27,56,8,18,20,21,72,160,157,292,14,2,104,160,59,104,29,56,10,18,88,160,22,90,25,42,4,9,21,20,47,132,135,292
5,2018-580-g476-pd31,/en/scores/2018/580/MS117/match-stats,02:28:00,148,4,2,69,110,50,69,27,41,2,2,77,110,27,75,39,65,7,17,17,18,66,140,143,250,12,10,75,140,48,75,26,65,10,17,74,140,19,69,14,41,0,2,18,17,33,110,107,250
5,2018-580-d801-h804,/en/scores/2018/580/MS070/match-stats,02:04:00,124,11,4,46,88,36,46,19,42,4,8,55,88,23,63,32,49,7,16,15,16,55,112,110,200,11,7,63,112,40,63,17,49,9,16,57,112,10,46,23,42,4,8,16,15,33,88,90,200
5,2018-580-d864-mb02,/en/scores/2018/580/MS114/match-stats,01:56:00,116,10,2,63,87,45,63,13,24,4,6,58,87,21,63,29,53,5,19,15,15,50,116,108,203,7,4,63,116,42,63,24,53,14,19,66,116,18,63,11,24,2,6,15,15,29,87,95,203
5,2018-580-f724-a829,/en/scores/2018/580/MS121/match-stats,03:16:00,196,6,6,63,122,48,63,26,59,11,16,74,122,46,102,26,43,9,21,19,20,72,145,146,267,0,5,102,145,56,102,17,43,12,21,73,145,15,63,33,59,5,16,20,19,48,122,121,267
5,2018-580-g967-k926,/en/scores/2018/580/MS110/match-stats,01:44:00,104,6,2,61,91,44,61,15,30,7,8,59,91,24,55,21,31,6,12,13,12,45,86,104,177,1,2,55,86,31,55,10,31,6,12,41,86,17,61,15,30,1,8,12,13,32,91,73,177
5,2018-580-h940-sc56,/en/scores/2018/580/MS077/match-stats,03:39:00,219,15,6,99,160,68,99,27,61,6,13,95,160,38,95,29,55,9,19,25,25,67,150,162,310,5,4,95,150,57,95,26,55,10,19,83,150,31,99,34,61,7,13,25,25,65,160,148,310
5,2018-580-j267-ce25,/en/scores/2018/580/MS074/match-stats,04:02:00,242,9,6,85,162,61,85,37,77,9,17,98,162,33,96,47,80,10,24,26,25,80,176,178,338,9,6,96,176,63,96,33,80,14,24,96,176,24,85,40,77,8,17,25,26,64,162,160,338
5,2018-580-i165-h996,/en/scores/2018/580/MS089/match-stats,02:58:00,178,7,2,86,127,60,86,26,41,2,4,86,127,24,78,29,52,5,12,20,19,53,130,139,257,10,7,78,130,54,78,23,52,7,12,77,130,26,86,15,41,2,4,19,20,41,127,118,257
5,2018-580-k336-db63,/en/scores/2018/580/MS094/match-stats,02:21:00,141,21,9,74,118,64,74,21,44,7,8,85,118,19,73,15,34,2,9,17,16,34,107,119,225,9,1,73,107,54,73,19,34,7,9,73,107,10,74,23,44,1,8,16,17,33,118,106,225
5,2018-580-mn13-sk94,/en/scores/2018/580/MS101/match-stats,01:37:00,97,8,0,36,66,28,36,20,30,1,2,48,66,27,61,19,28,7,18,12,13,46,89,94,155,1,7,61,89,34,61,9,28,11,18,43,89,8,36,10,30,1,2,13,12,18,66,61,155
5,2018-580-ke29-pb22,/en/scores/2018/580/MS118/match-stats,02:27:00,147,21,2,75,112,58,75,21,37,9,11,79,112,21,68,25,48,3,7,17,17,46,116,125,228,8,3,68,116,47,68,23,48,4,7,70,116,17,75,16,37,2,11,17,17,33,112,103,228
5,2018-580-kc29-tc61,/en/scores/2018/580/MS122/match-stats,03:42:00,222,6,4,104,158,65,104,31,54,14,19,96,158,34,91,31,56,8,19,22,22,65,147,161,305,12,5,91,147,57,91,25,56,11,19,82,147,39,104,23,54,5,19,22,22,62,158,144,305
5,2018-580-kb09-j386,/en/scores/2018/580/MS097/match-stats,02:49:00,169,9,5,74,130,55,74,36,56,2,4,91,130,19,65,35,72,5,11,21,20,54,137,145,267,13,9,65,137,46,65,37,72,6,11,83,137,19,74,20,56,2,4,20,21,39,130,122,267
5,2018-580-md56-j551,/en/scores/2018/580/MS065/match-stats,01:55:00,115,12,1,46,66,46,46,14,20,0,0,60,66,24,74,29,49,4,16,14,15,53,123,113,189,10,1,74,123,50,74,20,49,12,16,70,123,0,46,6,20,0,0,15,14,6,66,76,189
5,2018-580-mk66-y218,/en/scores/2018/580/MS081/match-stats,02:35:00,155,3,7,73,115,56,73,20,42,5,7,76,115,22,64,34,60,6,13,18,18,56,124,132,239,2,4,64,124,42,64,26,60,7,13,68,124,17,73,22,42,2,7,18,18,39,115,107,239
5,2018-580-mm58-kd46,/en/scores/2018/580/MS109/match-stats,03:29:00,209,11,7,98,142,78,98,22,44,8,9,100,142,26,85,26,57,4,7,21,21,52,142,152,284,6,9,85,142,59,85,31,57,3,7,90,142,20,98,22,44,1,9,21,21,42,142,132,284
5,2018-580-mh30-cg80,/en/scores/2018/580/MS066/match-stats,02:19:00,139,10,2,69,108,51,69,17,39,5,7,68,108,21,48,17,31,6,8,15,14,38,79,106,187,2,4,48,79,27,48,14,31,2,8,41,79,18,69,22,39,2,7,14,15,40,108,81,187
5,2018-580-mc65-mu94,/en/scores/2018/580/MS105/match-stats,02:01:00,121,13,13,50,94,38,50,21,44,2,6,59,94,21,54,20,34,6,9,16,15,41,88,100,182,6,5,54,88,33,54,14,34,3,9,47,88,12,50,23,44,4,6,15,16,35,94,82,182
5,2018-580-rh16-hb64,/en/scores/2018/580/MS069/match-stats,04:16:00,256,9,4,153,225,102,153,43,72,14,16,145,225,21,120,44,75,4,12,31,31,65,195,210,420,27,16,120,195,99,120,31,75,8,12,130,195,51,153,29,72,2,16,31,31,80,225,210,420
5,2018-580-sl08-ca12,/en/scores/2018/580/MS102/match-stats,01:45:00,105,12,1,69,89,56,69,11,20,2,2,67,89,12,54,19,32,3,5,15,15,31,86,98,175,6,4,54,86,42,54,13,32,2,5,55,86,13,69,9,20,0,2,15,15,22,89,77,175
5,2018-580-sa93-mw02,/en/scores/2018/580/MS093/match-stats,02:33:00,153,2,2,68,121,48,68,24,53,6,11,72,121,27,62,22,39,8,15,18,17,49,101,121,222,5,5,62,101,35,62,17,39,7,15,52,101,20,68,29,53,5,11,17,18,49,121,101,222
5,2018-580-su55-te51,/en/scores/2018/580/MS086/match-stats,01:56:00,116,9,6,46,81,38,46,24,35,1,2,62,81,16,46,22,45,5,8,14,14,38,91,100,172,6,6,46,91,30,46,23,45,3,8,53,91,8,46,11,35,1,2,14,14,19,81,72,172
5,2018-580-sd32-ca99,/en/scores/2018/580/MS073/match-stats,02:01:00,121,2,6,72,106,51,72,17,34,3,5,68,106,16,49,17,35,5,10,16,15,33,84,101,190,12,2,49,84,33,49,18,35,5,10,51,84,21,72,17,34,2,5,15,16,38,106,89,190
5,2018-580-su87-h756,/en/scores/2018/580/MS125/match-stats,03:03:00,183,13,4,89,147,68,89,33,58,3,5,101,147,25,88,23,48,5,12,23,22,48,136,149,283,8,3,88,136,63,88,25,48,7,12,88,136,21,89,25,58,2,5,22,23,46,147,134,283
5,2018-580-sf62-p09z,/en/scores/2018/580/MS106/match-stats,02:57:00,177,16,5,85,143,62,85,34,58,10,12,96,143,22,79,41,72,6,14,20,19,63,151,159,294,17,11,79,151,57,79,31,72,8,14,88,151,23,85,24,58,2,12,19,20,47,143,135,294
5,2018-580-sh90-ba65,/en/scores/2018/580/MS078/match-stats,02:51:00,171,7,2,79,117,66,79,27,38,4,6,93,117,44,123,35,60,7,16,23,25,79,183,172,300,10,11,123,183,79,123,25,60,9,16,104,183,13,79,11,38,2,6,25,23,24,117,128,300
5,2018-580-sl28-kf17,/en/scores/2018/580/MS126/match-stats,01:17:00,77,19,3,39,70,34,39,18,31,2,3,52,70,12,29,22,42,6,8,13,12,34,71,86,141,9,8,29,71,17,29,20,42,2,8,37,71,5,39,13,31,1,3,12,13,18,70,55,141
5,2018-580-v708-sn77,/en/scores/2018/580/MS098/match-stats,01:48:00,108,15,2,62,86,46,62,17,24,5,5,63,86,22,59,10,26,4,6,14,14,32,85,95,171,1,0,59,85,37,59,16,26,2,6,53,85,16,62,7,24,0,5,14,14,23,86,76,171
5,2018-580-t840-bi81,/en/scores/2018/580/MS085/match-stats,02:49:00,169,22,5,107,151,81,107,20,44,7,10,101,151,22,83,30,58,6,12,25,24,52,141,153,292,12,5,83,141,61,83,28,58,6,12,89,141,26,107,24,44,3,10,24,25,50,151,139,292
5,2018-580-hb64-f811,/en/scores/2018/580/QS019/match-stats,01:05:00,65,14,6,44,64,37,44,6,20,3,4,43,64,11,28,13,25,4,5,10,9,24,53,67,117,1,1,28,53,17,28,12,25,1,5,29,53,7,44,14,20,1,4,9,10,21,64,50,117
5,2018-580-pd07-rb56,/en/scores/2018/580/QS020/match-stats,01:44:00,104,0,8,57,87,45,57,16,30,5,6,61,87,16,57,10,30,2,4,15,15,26,87,87,174,4,1,57,87,41,57,20,30,2,4,61,87,12,57,14,30,1,6,15,15,26,87,87,174
5,2018-580-rh16-e873,/en/scores/2018/580/QS026/match-stats,01:56:00,116,12,2,73,106,52,73,13,33,4,5,65,106,14,50,26,40,5,11,14,13,40,90,105,196,12,3,50,90,36,50,14,40,6,11,50,90,21,73,20,33,1,5,13,14,41,106,91,196
5,2018-580-be54-le01,/en/scores/2018/580/QS028/match-stats,01:18:00,78,3,3,39,56,32,39,7,17,3,4,39,56,12,44,13,16,3,4,10,10,25,60,64,116,2,3,44,60,32,44,3,16,1,4,35,60,7,39,10,17,1,4,10,10,17,56,52,116
5,2018-580-ba65-ke64,/en/scores/2018/580/QS025/match-stats,01:44:00,104,15,2,57,81,45,57,13,24,3,4,58,81,13,56,16,28,2,3,14,14,29,84,87,165,3,1,56,84,43,56,12,28,1,3,55,84,12,57,11,24,1,4,14,14,23,81,78,165
5,2018-580-kb09-bk40,/en/scores/2018/580/QS022/match-stats,02:08:00,128,2,0,62,92,44,62,19,30,5,7,63,92,18,63,18,31,3,6,16,15,36,94,99,186,21,1,63,94,45,63,13,31,3,6,58,94,18,62,11,30,2,7,15,16,29,92,87,186
5,2018-580-y218-kc86,/en/scores/2018/580/QS024/match-stats,01:38:00,98,5,5,37,66,24,37,16,29,3,5,40,66,23,51,8,11,4,11,10,9,31,62,71,128,0,0,51,62,28,51,3,11,7,11,31,62,13,37,13,29,2,5,9,10,26,66,57,128
5,2018-580-bf55-pb22,/en/scores/2018/580/QS030/match-stats,01:55:00,115,2,1,51,75,31,51,17,24,5,8,48,75,24,59,13,27,3,7,13,12,37,86,85,161,4,2,59,86,35,59,14,27,4,7,49,86,20,51,7,24,3,8,12,13,27,75,76,161
5,2018-580-su87-ta46,/en/scores/2018/580/QS027/match-stats,01:51:00,111,13,3,65,96,54,65,17,31,2,2,71,96,16,57,14,33,3,10,15,14,30,90,101,186,2,1,57,90,41,57,19,33,7,10,60,90,11,65,14,31,0,2,14,15,25,96,85,186
5,2018-580-bc65-g892,/en/scores/2018/580/QS031/match-stats,01:04:00,64,7,1,33,55,27,33,14,22,4,4,41,55,10,31,11,16,3,4,9,8,21,47,62,102,0,0,31,47,21,31,5,16,1,4,26,47,6,33,8,22,0,4,8,9,14,55,40,102
5,2018-580-ce25-bk19,/en/scores/2018/580/QS016/match-stats,02:25:00,145,6,6,58,104,42,58,25,46,8,11,67,104,22,68,20,47,3,11,15,16,42,115,109,219,7,4,68,115,46,68,27,47,8,11,73,115,16,58,21,46,3,11,16,15,37,104,110,219
5,2018-580-kb14-sj55,/en/scores/2018/580/QS021/match-stats,01:29:00,89,6,1,44,65,30,44,11,21,0,3,41,65,20,55,14,23,4,7,11,11,34,78,75,143,4,1,55,78,35,55,9,23,3,7,44,78,14,44,10,21,3,3,11,11,24,65,68,143
5,2018-580-mk66-r612,/en/scores/2018/580/QS023/match-stats,02:13:00,133,9,1,68,105,50,68,18,37,1,4,68,105,22,66,20,45,4,5,17,17,42,111,110,216,7,1,66,111,44,66,25,45,1,5,69,111,18,68,19,37,3,4,17,17,37,105,106,216
5,2018-580-mu94-mn44,/en/scores/2018/580/QS018/match-stats,01:10:00,70,3,2,32,51,28,32,12,19,0,0,40,51,5,35,19,25,3,5,10,10,24,60,64,111,3,1,35,60,30,35,6,25,2,5,36,60,4,32,7,19,0,0,10,10,11,51,47,111
5,2018-580-db59-sc47,/en/scores/2018/580/QS017/match-stats,01:53:00,113,6,7,56,92,41,56,15,36,4,6,56,92,18,48,16,31,5,9,13,13,34,79,90,171,4,1,48,79,30,48,15,31,4,9,45,79,15,56,21,36,2,6,13,13,36,92,81,171
5,2018-580-sn77-cc66,/en/scores/2018/580/QS029/match-stats,01:18:00,78,8,1,36,62,26,36,20,26,1,1,46,62,10,36,9,20,2,2,10,10,19,56,65,118,8,4,36,56,26,36,11,20,0,2,37,56,10,36,6,26,0,1,10,10,16,62,53,118
5,2018-580-bk19-fb98,/en/scores/2018/580/QS032/match-stats,02:25:00,145,10,2,66,97,43,66,14,31,10,15,57,97,8,42,19,38,3,4,14,14,27,80,84,177,6,4,42,80,34,42,19,38,1,4,53,80,23,66,17,31,5,15,14,14,40,97,93,177
5,2018-580-f811-p09o,/en/scores/2018/580/QS038/match-stats,01:08:00,68,5,0,32,50,23,32,15,18,1,1,38,50,13,42,15,24,3,7,9,10,28,66,66,116,7,1,42,66,29,42,9,24,4,7,38,66,9,32,3,18,0,1,10,9,12,50,50,116
5,2018-580-sj55-n771,/en/scores/2018/580/QS042/match-stats,01:03:00,63,4,2,37,49,28,37,9,12,2,2,37,49,16,43,12,23,3,10,9,9,28,66,65,115,2,3,43,66,27,43,11,23,7,10,38,66,9,37,3,12,0,2,9,9,12,49,50,115
5,2018-580-pd07-n679,/en/scores/2018/580/QS040/match-stats,02:03:00,123,21,3,56,86,46,56,19,30,1,3,65,86,21,69,20,32,5,14,16,15,41,101,106,187,10,3,69,101,48,69,12,32,9,14,60,101,10,56,11,30,2,3,15,16,21,86,81,187
5,2018-580-kc86-bk92,/en/scores/2018/580/QS048/match-stats,01:10:00,70,4,0,30,44,23,30,11,14,0,1,34,44,17,44,22,32,5,8,9,9,39,76,73,120,7,7,44,76,27,44,10,32,3,8,37,76,7,30,3,14,1,1,9,9,10,44,47,120
5,2018-580-ke64-h997,/en/scores/2018/580/QS050/match-stats,02:00:00,120,3,4,53,100,38,53,27,47,4,7,65,100,16,53,10,29,3,4,16,16,26,82,91,182,9,1,53,82,37,53,19,29,1,4,56,82,15,53,20,47,3,7,16,16,35,100,91,182
5,2018-580-be54-gb61,/en/scores/2018/580/QS056/match-stats,02:33:00,153,3,2,60,91,48,60,18,31,2,3,66,91,16,59,15,35,3,7,16,17,31,94,97,185,10,2,59,94,43,59,20,35,4,7,63,94,12,60,13,31,1,3,17,16,25,91,88,185
5,2018-580-e873-g983,/en/scores/2018/580/QS052/match-stats,01:35:00,95,4,4,37,56,29,37,10,19,2,2,39,56,11,31,7,14,3,6,9,8,18,45,57,101,3,0,31,45,20,31,7,14,3,6,27,45,8,37,9,19,0,2,8,9,17,56,44,101
5,2018-580-bf55-te16,/en/scores/2018/580/QS060/match-stats,01:01:00,61,4,1,25,38,18,25,9,13,0,1,27,38,16,24,11,14,6,8,7,7,27,38,54,76,1,1,24,38,8,24,3,14,2,8,11,38,7,25,4,13,1,1,7,7,11,38,22,76
5,2018-580-ba65-w571,/en/scores/2018/580/QS051/match-stats,02:01:00,121,7,8,61,114,43,61,31,53,7,9,74,114,22,78,13,29,2,5,15,16,35,107,109,221,6,1,78,107,56,78,16,29,3,5,72,107,18,61,22,53,2,9,16,15,40,114,112,221
5,2018-580-mu94-ta12,/en/scores/2018/580/QS037/match-stats,00:48:00,48,4,1,22,33,22,22,10,11,0,0,32,33,5,18,16,27,4,6,8,8,21,45,53,78,4,5,18,45,13,18,11,27,2,6,24,45,0,22,1,11,0,0,8,8,1,33,25,78
5,2018-580-bk40-hb71,/en/scores/2018/580/QS045/match-stats,01:20:00,80,4,1,44,65,34,44,17,21,2,2,51,65,12,47,10,22,1,4,11,10,22,69,73,134,4,0,47,69,35,47,12,22,3,4,47,69,10,44,4,21,0,2,10,11,14,65,61,134
5,2018-580-hb64-kd70,/en/scores/2018/580/QS039/match-stats,01:36:00,96,15,9,42,77,35,42,16,35,2,4,51,77,16,45,16,28,5,9,13,12,32,73,83,150,3,3,45,73,29,45,12,28,4,9,41,73,7,42,19,35,2,4,12,13,26,77,67,150
5,2018-580-ce25-gb93,/en/scores/2018/580/QS033/match-stats,02:02:00,122,5,2,64,90,40,64,17,26,7,9,57,90,22,65,19,36,4,14,13,14,41,101,98,191,6,7,65,101,43,65,17,36,10,14,60,101,24,64,9,26,2,9,14,13,33,90,93,191
5,2018-580-pb22-hb05,/en/scores/2018/580/QS061/match-stats,01:15:00,75,1,2,31,47,28,31,10,16,0,1,38,47,11,36,15,25,4,7,10,10,26,61,64,108,7,2,36,61,25,36,10,25,3,7,35,61,3,31,6,16,1,1,10,10,9,47,44,108
5,2018-580-rh16-pg20,/en/scores/2018/580/QS053/match-stats,01:59:00,119,4,2,46,65,33,46,10,19,2,3,43,65,18,45,6,15,3,8,11,10,24,60,67,125,4,1,45,60,27,45,9,15,5,8,36,60,13,46,9,19,1,3,10,11,22,65,58,125
5,2018-580-y218-n674,/en/scores/2018/580/QS049/match-stats,01:43:00,103,16,2,64,89,51,64,16,25,1,1,67,89,10,56,22,39,3,7,15,15,32,95,99,184,13,5,56,95,46,56,17,39,4,7,63,95,13,64,9,25,0,1,15,15,22,89,85,184
5,2018-580-rb56-sj22,/en/scores/2018/580/QS041/match-stats,01:49:00,109,17,3,61,88,42,61,13,27,3,5,55,88,14,55,18,28,3,8,11,11,32,83,87,171,5,3,55,83,41,55,10,28,5,8,51,83,19,61,14,27,2,5,11,11,33,88,84,171
5,2018-580-bc65-d994,/en/scores/2018/580/QS062/match-stats,01:39:00,99,8,2,38,61,33,38,12,23,2,2,45,61,8,30,10,26,2,3,10,10,18,56,63,117,5,2,30,56,22,30,16,26,1,3,38,56,5,38,11,23,0,2,10,10,16,61,54,117
5,2018-580-ta46-pl56,/en/scores/2018/580/QS055/match-stats,02:11:00,131,10,2,65,98,47,65,18,33,5,7,65,98,32,82,21,39,5,12,15,15,53,121,118,219,4,6,82,121,50,82,18,39,7,12,68,121,18,65,15,33,2,7,15,15,33,98,101,219
5,2018-580-cc66-gb53,/en/scores/2018/580/QS058/match-stats,02:25:00,145,15,3,63,101,51,63,24,38,4,4,75,101,13,64,22,43,2,6,16,15,35,107,110,208,16,7,64,107,51,64,21,43,4,6,72,107,12,63,14,38,0,4,15,16,26,101,98,208
5,2018-580-g892-hb48,/en/scores/2018/580/QS063/match-stats,01:32:00,92,0,1,39,57,28,39,12,18,3,4,40,57,11,35,14,27,3,6,10,9,25,62,65,119,4,5,35,62,24,35,13,27,3,6,37,62,11,39,6,18,1,4,9,10,17,57,54,119
5,2018-580-kb14-kh56,/en/scores/2018/580/QS043/match-stats,01:17:00,77,9,5,56,78,43,56,8,22,4,5,51,78,7,30,21,31,3,4,10,9,28,61,79,139,3,6,30,61,23,30,10,31,1,4,33,61,13,56,14,22,1,5,9,10,27,78,60,139
5,2018-580-kb09-k839,/en/scores/2018/580/QS044/match-stats,01:19:00,79,5,4,35,65,26,35,15,30,3,4,41,65,17,39,10,20,4,8,10,10,27,59,68,124,5,1,39,59,22,39,10,20,4,8,32,59,9,35,15,30,1,4,10,10,24,65,56,124
5,2018-580-le01-d499,/en/scores/2018/580/QS057/match-stats,02:49:00,169,4,5,66,113,50,66,24,47,8,9,74,113,12,55,25,55,2,8,15,16,37,110,111,223,12,4,55,110,43,55,30,55,6,8,73,110,16,66,23,47,1,9,16,15,39,113,112,223
5,2018-580-mk66-kc04,/en/scores/2018/580/QS046/match-stats,00:55:00,55,9,2,29,45,28,29,6,16,0,0,34,45,8,24,12,16,4,4,8,8,20,40,54,85,2,2,24,40,16,24,4,16,0,4,20,40,1,29,10,16,0,0,8,8,11,45,31,85
5,2018-580-mn44-o408,/en/scores/2018/580/QS036/match-stats,01:53:00,113,20,7,52,89,36,52,22,37,0,3,58,89,18,62,14,25,4,8,16,15,32,87,90,176,3,3,62,87,44,62,11,25,4,8,55,87,16,52,15,37,3,3,15,16,31,89,86,176
5,2018-580-db59-pe02,/en/scores/2018/580/QS034/match-stats,01:53:00,113,17,4,68,105,57,68,20,37,3,3,77,105,16,74,15,28,2,5,17,17,31,102,108,207,4,4,74,102,58,74,13,28,3,5,71,102,11,68,17,37,0,3,17,17,28,105,99,207
5,2018-580-r612-mj70,/en/scores/2018/580/QS047/match-stats,01:41:00,101,10,5,30,66,25,30,18,36,1,4,43,66,23,57,18,31,5,12,12,12,41,88,84,154,5,4,57,88,34,57,13,31,7,12,47,88,5,30,18,36,3,4,12,12,23,66,70,154
5,2018-580-sn77-w630,/en/scores/2018/580/QS059/match-stats,01:09:00,69,5,2,39,58,29,39,11,19,2,3,40,58,8,32,17,21,4,10,9,8,25,53,65,111,6,4,32,53,24,32,4,21,6,10,28,53,10,39,8,19,1,3,8,9,18,58,46,111
5,2018-580-sc47-v717,/en/scores/2018/580/QS035/match-stats,01:02:00,62,5,2,29,53,22,29,11,24,2,3,33,53,15,25,14,22,6,8,7,8,29,47,62,100,0,3,25,47,10,25,8,22,2,8,18,47,7,29,13,24,1,3,8,7,20,53,38,100
5,2018-580-su87-sk47,/en/scores/2018/580/QS054/match-stats,01:28:00,88,6,1,42,65,33,42,16,23,0,0,49,65,21,50,7,24,1,8,11,10,28,74,77,139,1,0,50,74,29,50,17,24,7,8,46,74,9,42,7,23,0,0,10,11,16,65,62,139
5,2018-580-fb98-g940,/en/scores/2018/580/QS064/match-stats,02:10:00,130,9,3,63,107,44,63,25,44,5,7,69,107,13,54,23,49,2,8,15,16,36,103,105,210,14,7,54,103,41,54,26,49,6,8,67,103,19,63,19,44,2,7,16,15,38,107,105,210
5,2018-580-pe02-m873,/en/scores/2018/580/QS068/match-stats,01:24:00,84,6,0,52,67,38,52,7,15,1,3,45,67,14,42,13,27,3,8,11,10,27,69,72,136,4,1,42,69,28,42,14,27,5,8,42,69,14,52,8,15,2,3,10,11,22,67,64,136
5,2018-580-mn44-cf01,/en/scores/2018/580/QS072/match-stats,01:10:00,70,11,1,46,58,37,46,8,12,0,0,45,58,18,53,8,18,2,6,10,11,26,71,71,129,1,1,53,71,35,53,10,18,4,6,45,71,9,46,4,12,0,0,11,10,13,58,58,129
5,2018-580-f811-kc12,/en/scores/2018/580/QS076/match-stats,01:34:00,94,6,2,49,75,35,49,15,26,6,8,50,75,19,47,11,22,3,4,11,10,30,69,80,144,3,1,47,69,28,47,11,22,1,4,39,69,14,49,11,26,2,8,10,11,25,75,64,144
5,2018-580-pd07-ga79,/en/scores/2018/580/QS080/match-stats,01:33:00,93,12,0,50,71,39,50,15,21,1,1,54,71,14,48,10,27,1,3,12,12,24,75,78,146,8,1,48,75,34,48,17,27,2,3,51,75,11,50,6,21,0,1,12,12,17,71,68,146
5,2018-580-n771-pf65,/en/scores/2018/580/QS084/match-stats,01:51:00,111,3,2,61,90,43,61,16,29,8,9,59,90,30,71,12,27,5,11,14,15,42,98,101,188,7,3,71,98,41,71,15,27,6,11,56,98,18,61,13,29,1,9,15,14,31,90,87,188
5,2018-580-kb09-cf59,/en/scores/2018/580/QS088/match-stats,01:29:00,89,8,1,33,60,25,33,16,27,3,4,41,60,13,42,16,28,4,7,10,11,29,70,70,130,6,7,42,70,29,42,12,28,3,7,41,70,8,33,11,27,1,4,11,10,19,60,60,130
5,2018-580-kc04-e698,/en/scores/2018/580/QS092/match-stats,01:12:00,72,2,4,26,44,21,26,9,18,1,2,30,44,10,28,19,26,5,8,8,8,29,54,59,98,5,1,28,54,18,28,7,26,3,8,25,54,5,26,9,18,1,2,8,8,14,44,39,98
5,2018-580-bk92-o482,/en/scores/2018/580/QS096/match-stats,01:38:00,98,17,9,54,83,44,54,8,29,7,10,52,83,23,65,13,25,3,11,13,12,36,90,88,173,1,5,65,90,42,65,12,25,8,11,54,90,10,54,21,29,3,10,12,13,31,83,85,173
5,2018-580-h997-kb37,/en/scores/2018/580/QS100/match-stats,01:26:00,86,5,0,52,71,40,52,11,19,4,4,51,71,18,44,9,23,2,6,10,9,27,67,78,138,4,2,44,67,26,44,14,23,4,6,40,67,12,52,8,19,0,4,9,10,20,71,60,138
5,2018-580-e873-a596,/en/scores/2018/580/QS104/match-stats,01:06:00,66,2,4,26,51,19,26,15,25,3,4,34,51,10,29,17,21,5,11,8,8,27,50,61,101,1,2,29,50,19,29,4,21,6,11,23,50,7,26,10,25,1,4,8,8,17,51,40,101
5,2018-580-su87-mj08,/en/scores/2018/580/QS108/match-stats,01:36:00,96,5,1,41,60,34,41,12,19,0,0,46,60,17,55,18,32,2,10,11,10,35,87,81,147,2,5,55,87,38,55,14,32,8,10,52,87,7,41,7,19,0,0,10,11,14,60,66,147
5,2018-580-be54-mq75,/en/scores/2018/580/QS112/match-stats,02:14:00,134,7,4,59,96,43,59,20,37,3,8,63,96,25,68,28,54,6,12,18,18,53,122,116,218,7,1,68,122,43,68,26,54,6,12,69,122,16,59,17,37,5,8,18,18,33,96,102,218
5,2018-580-gb53-l949,/en/scores/2018/580/QS116/match-stats,01:12:00,72,4,2,29,54,20,29,18,25,2,3,38,54,19,46,14,23,4,8,9,10,33,69,71,123,8,2,46,69,27,46,9,23,4,8,36,69,9,29,7,25,1,3,10,9,16,54,52,123
5,2018-580-bf55-sp24,/en/scores/2018/580/QS120/match-stats,01:48:00,108,0,2,62,82,42,62,8,20,5,8,50,82,12,51,14,22,3,3,13,13,26,73,76,155,8,1,51,73,39,51,8,22,0,3,47,73,20,62,12,20,3,8,13,13,32,82,79,155
5,2018-580-bc65-sc77,/en/scores/2018/580/QS124/match-stats,02:07:00,127,6,1,72,110,50,72,19,38,8,11,69,110,15,60,19,35,3,8,16,15,34,95,103,205,8,2,60,95,45,60,16,35,5,8,61,95,22,72,19,38,3,11,15,16,41,110,102,205
5,2018-580-ba65-a887,/en/scores/2018/580/QS103/match-stats,01:41:00,101,14,3,60,97,43,60,20,37,11,13,63,97,19,55,10,24,3,7,14,13,29,79,92,176,7,3,55,79,36,55,14,24,4,7,50,79,17,60,17,37,2,13,13,14,34,97,84,176
5,2018-580-d499-mb53,/en/scores/2018/580/QS115/match-stats,02:00:00,120,14,1,73,109,50,73,23,36,6,9,73,109,7,53,20,34,2,3,16,14,27,87,100,196,16,2,53,87,46,53,14,34,1,3,60,87,23,73,13,36,3,9,14,16,36,109,96,196
5,2018-580-g892-be67,/en/scores/2018/580/QS127/match-stats,01:24:00,84,2,1,42,63,32,42,12,21,2,3,44,63,17,44,15,31,3,9,10,10,32,75,76,138,1,2,44,75,27,44,16,31,6,9,43,75,10,42,9,21,1,3,10,10,19,63,62,138
5,2018-580-bk40-bi23,/en/scores/2018/580/QS091/match-stats,02:39:00,159,15,1,76,127,54,76,25,51,7,10,79,127,26,67,20,51,4,10,16,17,46,118,125,245,3,5,67,118,41,67,31,51,6,10,72,118,22,76,26,51,3,10,17,16,48,127,120,245
5,2018-580-ta12-mm66,/en/scores/2018/580/QS075/match-stats,02:07:00,127,13,3,49,98,42,49,29,49,3,4,71,98,16,63,19,38,3,13,16,16,35,101,106,199,6,2,63,101,47,63,19,38,10,13,66,101,7,49,20,49,1,4,16,16,27,98,93,199
5,2018-580-hb64-ta29,/en/scores/2018/580/QS079/match-stats,02:14:00,134,17,5,56,98,48,56,21,42,2,4,69,98,20,65,22,44,3,7,16,16,42,109,111,207,4,4,65,109,45,65,22,44,4,7,67,109,8,56,21,42,2,4,16,16,29,98,96,207
5,2018-580-sc47-o449,/en/scores/2018/580/QS071/match-stats,01:30:00,90,5,3,39,68,29,39,15,29,3,5,44,68,18,52,14,25,4,9,10,11,32,77,76,145,9,3,52,77,34,52,11,25,5,9,45,77,10,39,14,29,2,5,11,10,24,68,69,145
5,2018-580-gb93-bh87,/en/scores/2018/580/QS067/match-stats,02:19:00,139,10,4,73,111,58,73,21,38,5,6,79,111,20,72,16,42,2,6,17,17,36,114,115,225,3,1,72,114,52,72,26,42,4,6,78,114,15,73,17,38,1,6,17,17,32,111,110,225
5,2018-580-rh16-i230,/en/scores/2018/580/QS107/match-stats,02:13:00,133,10,1,57,81,44,57,16,24,7,8,60,81,19,62,19,30,3,13,14,13,38,92,98,173,7,1,62,92,43,62,11,30,10,13,54,92,13,57,8,24,1,8,13,14,21,81,75,173
5,2018-580-pb22-d985,/en/scores/2018/580/QS123/match-stats,01:30:00,90,12,3,49,74,35,49,11,25,4,6,46,74,20,51,12,24,3,6,11,11,32,75,78,149,7,1,51,75,31,51,12,24,3,6,43,75,14,49,14,25,2,6,11,11,28,74,71,149
5,2018-580-y218-d750,/en/scores/2018/580/QS099/match-stats,01:20:00,80,8,1,42,62,33,42,11,20,1,2,44,62,16,48,13,19,3,5,10,10,29,67,73,129,3,5,48,67,32,48,6,19,2,5,38,67,9,42,9,20,1,2,10,10,18,62,56,129
5,2018-580-ta46-me31,/en/scores/2018/580/QS111/match-stats,00:48:00,48,3,0,25,38,21,25,11,13,0,0,32,38,13,31,10,15,4,6,8,8,23,46,55,84,1,1,31,46,18,31,5,15,2,6,23,46,4,25,2,13,0,0,8,8,6,38,29,84
5,2018-580-r612-o513,/en/scores/2018/580/QS095/match-stats,01:28:00,88,8,1,45,69,33,45,15,24,2,4,48,69,24,63,20,36,3,8,12,12,44,99,92,168,6,0,63,99,39,63,16,36,5,8,55,99,12,45,9,24,2,4,12,12,21,69,76,168
5,2018-580-rb56-ka98,/en/scores/2018/580/QS083/match-stats,02:04:00,124,9,0,63,103,48,63,25,40,1,2,73,103,20,75,18,31,3,8,16,16,38,106,111,209,5,5,75,106,55,75,13,31,5,8,68,106,15,63,15,40,1,2,16,16,30,103,98,209
5,2018-580-kb14-i236,/en/scores/2018/580/QS087/match-stats,01:14:00,74,10,1,40,53,36,40,9,13,0,0,45,53,13,40,13,28,2,4,10,10,26,68,71,121,4,0,40,68,27,40,15,28,2,4,42,68,4,40,4,13,0,0,10,10,8,53,50,121
5,2018-580-sn77-o376,/en/scores/2018/580/QS119/match-stats,01:36:00,96,5,1,46,65,33,46,12,19,0,1,45,65,20,57,22,38,3,13,10,10,42,95,87,160,3,4,57,95,37,57,16,38,10,13,53,95,13,46,7,19,1,1,10,10,20,65,73,160
5,2018-580-bk19-d981,/en/scores/2018/580/QS065/match-stats,01:44:00,104,9,1,47,74,30,47,21,27,2,4,51,74,21,69,14,26,3,12,14,14,35,95,86,169,13,4,69,95,48,69,12,26,9,12,60,95,17,47,6,27,2,4,14,14,23,74,83,169
5,2018-580-cc66-sg64,/en/scores/2018/580/QS117/match-stats,02:21:00,141,10,3,65,92,49,65,16,27,1,1,65,92,19,65,18,33,3,9,15,15,37,98,102,190,9,1,65,98,46,65,15,33,6,9,61,98,16,65,11,27,0,1,15,15,27,92,88,190
5,2018-580-d994-j553,/en/scores/2018/580/QS125/match-stats,01:05:00,65,12,1,39,58,29,39,11,19,1,1,40,58,15,39,10,19,3,5,9,9,25,58,65,116,2,2,39,58,24,39,9,19,2,5,33,58,10,39,8,19,0,1,9,9,18,58,51,116
5,2018-580-gb61-ki95,/en/scores/2018/580/QS113/match-stats,02:01:00,121,18,2,70,104,54,70,18,34,4,6,72,104,16,66,17,38,2,4,16,16,33,104,105,208,6,1,66,104,50,66,21,38,2,4,71,104,16,70,16,34,2,6,16,16,32,104,103,208
5,2018-580-ce25-i306,/en/scores/2018/580/QS066/match-stats,01:17:00,77,5,0,31,57,23,31,17,26,3,3,40,57,9,31,15,26,3,9,9,9,24,57,64,114,6,1,31,57,22,31,11,26,6,9,33,57,8,31,9,26,0,3,9,9,17,57,50,114
5,2018-580-g983-n897,/en/scores/2018/580/QS105/match-stats,02:15:00,135,2,3,64,101,39,64,21,37,5,10,60,101,24,63,19,36,5,10,15,15,43,99,103,200,3,3,63,99,39,63,17,36,5,10,56,99,25,64,16,37,5,10,15,15,41,101,97,200
5,2018-580-hb05-o522,/en/scores/2018/580/QS122/match-stats,01:38:00,98,8,0,61,90,45,61,20,29,9,9,65,90,11,52,15,29,0,0,12,12,26,81,91,171,14,2,52,81,41,52,14,29,0,0,55,81,16,61,9,29,0,9,12,12,25,90,80,171
5,2018-580-hb71-g681,/en/scores/2018/580/QS090/match-stats,01:30:00,90,4,0,48,74,32,48,19,26,1,3,51,74,13,41,14,31,3,4,14,13,27,72,78,146,2,0,41,72,28,41,17,31,1,4,45,72,16,48,7,26,2,3,13,14,23,74,68,146
5,2018-580-hb48-be68,/en/scores/2018/580/QS126/match-stats,01:19:00,79,5,4,29,58,22,29,21,29,1,2,43,58,14,48,23,36,3,8,11,11,37,84,80,142,9,4,48,84,34,48,13,36,5,8,47,84,7,29,8,29,1,2,11,11,15,58,62,142
5,2018-580-k839-ga94,/en/scores/2018/580/QS089/match-stats,01:30:00,90,3,3,43,66,34,43,15,23,3,5,49,66,18,50,20,33,5,13,13,12,38,83,87,149,4,1,50,83,32,50,13,33,8,13,45,83,9,43,8,23,2,5,12,13,17,66,62,149
5,2018-580-kc86-pg94,/en/scores/2018/580/QS097/match-stats,01:29:00,89,3,1,44,68,27,44,11,24,0,4,38,68,17,42,16,23,6,12,10,10,33,65,71,133,2,2,42,65,25,42,7,23,6,12,32,65,17,44,13,24,4,4,10,10,30,68,62,133
5,2018-580-kh56-u134,/en/scores/2018/580/QS086/match-stats,01:36:00,96,5,9,40,84,32,40,22,44,5,6,54,84,10,39,10,25,2,5,11,11,20,64,74,148,3,1,39,64,29,39,15,25,3,5,44,64,8,40,22,44,1,6,11,11,30,84,74,148
5,2018-580-ke64-ea27,/en/scores/2018/580/QS101/match-stats,02:57:00,177,2,8,78,121,50,78,21,43,9,14,71,121,21,71,41,75,4,16,17,17,62,146,133,267,10,8,71,146,50,71,34,75,12,16,84,146,28,78,22,43,5,14,17,17,50,121,134,267
5,2018-580-kd70-pg32,/en/scores/2018/580/QS078/match-stats,01:51:00,111,0,10,48,87,36,48,22,39,1,4,58,87,23,67,17,33,3,12,15,15,40,100,98,187,12,1,67,100,44,67,16,33,9,12,60,100,12,48,17,39,3,4,15,15,29,87,89,187
5,2018-580-le01-z272,/en/scores/2018/580/QS114/match-stats,01:51:00,111,6,2,45,82,37,45,17,37,2,4,54,82,21,65,22,41,3,15,14,13,43,106,97,188,9,5,65,106,44,65,19,41,12,15,63,106,8,45,20,37,2,4,13,14,28,82,91,188
5,2018-580-mj70-a853,/en/scores/2018/580/QS094/match-stats,02:07:00,127,3,2,65,92,46,65,17,27,1,3,63,92,19,66,18,28,4,12,16,16,37,94,100,186,9,5,66,94,47,66,10,28,8,12,57,94,19,65,10,27,2,3,16,16,29,92,86,186
5,2018-580-mu94-a622,/en/scores/2018/580/QS074/match-stats,01:08:00,68,6,1,27,43,22,27,11,16,0,1,33,43,14,30,14,29,4,9,9,9,28,59,61,102,0,4,30,59,16,30,15,29,5,9,31,59,5,27,5,16,1,1,9,9,10,43,41,102
5,2018-580-mk66-rc96,/en/scores/2018/580/QS093/match-stats,00:50:00,50,4,1,25,43,21,25,8,18,0,0,29,43,13,22,9,12,5,5,7,6,22,34,51,77,1,1,22,34,9,22,3,12,0,5,12,34,4,25,10,18,0,0,6,7,14,43,26,77
5,2018-580-n679-sl07,/en/scores/2018/580/QS081/match-stats,02:29:00,149,11,4,65,116,47,65,27,51,4,5,74,116,16,62,29,50,3,8,14,14,45,112,119,228,8,6,62,112,46,62,21,50,5,8,67,112,18,65,24,51,1,5,14,14,42,116,109,228
5,2018-580-db59-i305,/en/scores/2018/580/QS069/match-stats,02:12:00,132,7,1,63,96,47,63,21,33,3,5,68,96,23,84,21,38,2,14,16,16,44,122,112,218,6,4,84,122,61,84,17,38,12,14,78,122,16,63,12,33,2,5,16,16,28,96,106,218
5,2018-580-n674-me05,/en/scores/2018/580/QS098/match-stats,01:19:00,79,12,4,36,64,29,36,16,28,4,6,45,64,13,40,11,22,3,5,11,10,24,62,69,126,6,1,40,62,27,40,11,22,2,5,38,62,7,36,12,28,2,6,10,11,19,64,57,126
5,2018-580-o408-v495,/en/scores/2018/580/QS073/match-stats,02:08:00,128,0,6,67,92,53,67,12,25,1,2,65,92,12,66,18,35,1,9,15,15,30,101,95,193,18,4,66,101,54,66,17,35,8,9,71,101,14,67,13,25,1,2,15,15,27,92,98,193
5,2018-580-pl56-ra51,/en/scores/2018/580/QS110/match-stats,02:42:00,162,2,1,80,125,57,80,28,45,7,9,85,125,20,80,24,49,2,5,18,18,44,129,129,254,10,5,80,129,60,80,25,49,3,5,85,129,23,80,17,45,2,9,18,18,40,125,125,254
5,2018-580-p09o-bf23,/en/scores/2018/580/QS077/match-stats,02:31:00,151,5,9,67,122,49,67,23,55,12,16,72,122,23,72,26,44,5,13,15,15,49,116,121,238,9,7,72,116,49,72,18,44,8,13,67,116,18,67,32,55,4,16,15,15,50,122,117,238
5,2018-580-pg20-ph71,/en/scores/2018/580/QS106/match-stats,01:32:00,92,3,2,46,68,32,46,13,22,0,2,45,68,9,47,21,31,3,10,11,11,30,78,75,146,6,1,47,78,38,47,10,31,7,10,48,78,14,46,9,22,2,2,11,11,23,68,71,146
5,2018-580-sk47-z254,/en/scores/2018/580/QS109/match-stats,01:06:00,66,5,2,35,53,27,35,8,18,2,3,35,53,19,43,8,21,4,5,9,10,27,64,62,117,1,3,43,64,24,43,13,21,1,5,37,64,8,35,10,18,1,3,10,9,18,53,55,117
5,2018-580-sj22-ld26,/en/scores/2018/580/QS082/match-stats,01:41:00,101,3,0,40,72,31,40,15,32,1,3,46,72,14,42,15,29,3,6,11,11,29,71,75,143,2,3,42,71,28,42,14,29,3,6,42,71,9,40,17,32,2,3,11,11,26,72,68,143
5,2018-580-sj55-sf41,/en/scores/2018/580/QS085/match-stats,01:57:00,117,8,1,62,88,49,62,17,26,6,7,66,88,22,58,9,27,4,4,15,14,31,85,97,173,4,2,58,85,36,58,18,27,0,4,54,85,13,62,9,26,1,7,14,15,22,88,76,173
5,2018-580-te16-mm60,/en/scores/2018/580/QS121/match-stats,02:10:00,130,5,3,71,102,48,71,14,31,2,5,62,102,24,64,12,30,5,10,15,15,36,94,98,196,8,1,64,94,40,64,18,30,5,10,58,94,23,71,17,31,3,5,15,15,40,102,98,196
5,2018-580-v717-j380,/en/scores/2018/580/QS070/match-stats,02:17:00,137,2,5,60,88,42,60,7,28,7,12,49,88,41,85,22,33,9,24,13,14,63,118,112,206,1,2,85,118,44,85,11,33,15,24,55,118,18,60,21,28,5,12,14,13,39,88,94,206
5,2018-580-w630-mp01,/en/scores/2018/580/QS118/match-stats,01:27:00,87,7,3,41,56,31,41,7,15,2,4,38,56,7,27,22,30,5,7,9,10,29,57,67,113,1,3,27,57,20,27,8,30,2,7,28,57,10,41,8,15,2,4,10,9,18,56,46,113
5,2018-580-w571-ka22,/en/scores/2018/580/QS102/match-stats,01:28:00,88,2,0,50,66,35,50,7,16,2,4,42,66,18,41,19,31,4,10,10,9,37,72,79,138,1,5,41,72,23,41,12,31,6,10,35,72,15,50,9,16,2,4,9,10,24,66,59,138
