1991-7308-MS001-5-1-k181-s351,adelaide,/en/scores/1991/7308/MS001/match-stats?isLive=False,01:29:00,89,k181,269,1,2,44,65,31,44,12,21,2,5,12,182,16,47,21,36,4,7,12,43,65,37,83,80,148,s351,238,12,5,47,83,31,47,15,36,3,7,12,158,13,44,9,21,3,5,12,46,83,22,65,68,148
1991-7308-MS003-4-2-s351-c243,adelaide,/en/scores/1991/7308/MS003/match-stats?isLive=False,01:44:00,104,s351,272,7,4,37,80,26,37,27,43,5,6,11,155,11,40,13,31,2,3,11,53,80,24,71,77,151,c243,268,2,2,40,71,29,40,18,31,1,3,11,93,11,37,16,43,1,6,11,47,71,27,80,74,151
1991-7308-MS002-4-1-k181-l206,adelaide,/en/scores/1991/7308/MS002/match-stats?isLive=False,01:20:00,80,k181,281,3,0,0,65,29,46,12,19,0,2,11,187,12,36,20,33,4,7,11,41,65,32,69,73,134,l206,222,1,0,36,69,24,36,13,33,3,7,11,192,17,46,7,19,2,2,11,37,69,24,65,61,134
1991-7308-MS007-3-4-c243-s367,adelaide,/en/scores/1991/7308/MS007/match-stats?isLive=False,01:20:00,80,c243,306,5,2,41,61,31,41,14,20,0,1,11,161,6,34,15,27,2,3,10,45,61,21,61,66,122,s367,258,1,5,34,61,28,34,12,27,1,3,10,163,10,41,6,20,1,1,11,40,61,16,61,56,122
1991-7308-MS006-3-3-s351-a031,adelaide,/en/scores/1991/7308/MS006/match-stats?isLive=False,01:30:00,90,s351,287,5,2,45,74,34,45,18,29,2,4,14,148,18,57,12,24,3,7,13,52,74,30,81,82,155,a031,264,2,2,57,81,39,57,12,24,4,7,13,126,11,45,11,29,2,4,14,51,81,22,74,73,155
1991-7308-MS005-3-2-k181-s424,adelaide,/en/scores/1991/7308/MS005/match-stats?isLive=False,00:55:00,55,k181,250,0,1,17,36,11,17,13,19,1,3,7,285,15,29,19,25,7,10,8,24,36,34,54,58,90,s424,138,2,2,29,54,14,29,6,25,3,10,8,162,6,17,6,19,2,3,7,20,54,12,36,32,90
1991-7308-MS004-3-1-l206-k030,adelaide,/en/scores/1991/7308/MS004/match-stats?isLive=False,01:59:00,119,l206,298,11,0,0,97,54,65,14,32,1,2,15,86,9,54,21,42,1,8,15,68,97,30,96,98,193,k030,287,9,4,54,96,45,54,21,42,7,8,15,129,11,65,18,32,1,2,15,66,96,29,97,95,193
1991-7308-MS015-2-8-c243-h223,adelaide,/en/scores/1991/7308/MS015/match-stats?isLive=False,01:21:00,81,c243,292,2,0,0,55,24,37,14,18,2,4,10,172,15,36,14,28,4,10,10,38,55,29,64,67,119,h223,223,2,3,36,64,21,36,14,28,6,10,10,127,13,37,4,18,2,4,10,35,64,17,55,52,119
1991-7308-MS011-2-7-k181-g182,adelaide,/en/scores/1991/7308/MS011/match-stats?isLive=False,01:35:00,95,k181,275,3,2,35,73,26,35,23,38,1,2,12,183,24,58,13,22,5,12,12,49,73,37,80,86,153,g182,233,2,0,58,80,34,58,9,22,7,12,12,123,9,35,15,38,1,2,12,43,80,24,73,67,153
1991-7308-MS012-2-6-s351-b051,adelaide,/en/scores/1991/7308/MS012/match-stats?isLive=False,01:20:00,80,s351,275,6,4,30,63,24,30,18,33,4,5,10,217,16,42,15,22,4,6,9,42,63,31,64,73,127,b051,215,2,2,42,64,26,42,7,22,2,6,9,95,6,30,15,33,1,5,10,33,64,21,63,54,127
1991-7308-MS009-2-5-k030-w136,adelaide,/en/scores/1991/7308/MS009/match-stats?isLive=False,01:29:00,89,k030,259,6,3,37,71,25,37,19,34,1,3,10,201,16,36,16,28,5,10,10,44,71,32,64,76,135,w136,207,4,2,36,64,20,36,12,28,5,10,10,163,12,37,15,34,2,3,10,32,64,27,71,59,135
1991-7308-MS013-2-4-a031-s331,adelaide,/en/scores/1991/7308/MS013/match-stats?isLive=False,01:09:00,69,a031,266,2,3,44,58,28,44,7,14,6,8,9,203,7,24,20,32,5,9,9,35,58,27,56,62,114,s331,195,3,4,24,56,17,24,12,32,4,9,9,133,16,44,7,14,2,8,9,29,56,23,58,52,114
1991-7308-MS008-2-3-l206-z006,adelaide,/en/scores/1991/7308/MS008/match-stats?isLive=False,01:49:00,109,l206,284,10,0,0,87,40,52,25,35,0,0,12,59,9,56,15,35,0,0,12,65,87,24,91,89,178,z006,290,13,1,56,91,47,56,20,35,0,0,12,52,12,52,10,35,0,0,12,67,91,22,87,89,178
1991-7308-MS010-2-2-s424-r023,adelaide,/en/scores/1991/7308/MS010/match-stats?isLive=False,01:48:00,108,s424,263,3,2,49,87,36,49,19,38,1,3,12,138,17,49,16,33,3,10,12,55,87,33,82,88,169,r023,256,5,1,49,82,32,49,17,33,7,10,12,160,13,49,19,38,2,3,12,49,82,32,87,81,169
1991-7308-MS014-2-1-s367-w035,adelaide,/en/scores/1991/7308/MS014/match-stats?isLive=False,01:49:00,109,s367,248,3,7,66,99,42,66,16,33,4,8,15,175,19,50,13,28,5,9,14,58,99,32,78,90,177,w035,244,3,3,50,78,31,50,15,28,4,9,14,164,24,66,17,33,4,8,15,46,78,41,99,87,177
1991-7308-MS016-1-16-l206-b028,adelaide,/en/scores/1991/7308/MS016/match-stats?isLive=False,02:10:00,130,l206,279,6,2,55,96,39,55,25,41,2,4,15,96,18,62,10,33,2,8,16,64,96,28,95,92,191,b028,298,8,3,62,95,44,62,23,33,6,8,16,131,16,55,16,41,2,4,15,67,95,32,96,99,191
1991-7308-MS031-1-15-c243-m093,adelaide,/en/scores/1991/7308/MS031/match-stats?isLive=False,01:53:00,113,c243,299,6,3,48,68,38,48,11,20,1,2,12,155,15,51,25,38,4,15,12,49,68,40,89,89,157,m093,235,9,2,51,89,36,51,13,38,11,15,12,124,10,48,9,20,1,2,12,49,89,19,68,68,157
1991-7308-MS027-1-14-a031-s055,adelaide,/en/scores/1991/7308/MS027/match-stats?isLive=False,01:20:00,80,a031,264,1,3,42,63,26,42,13,21,4,6,8,206,13,28,11,19,3,5,7,39,63,24,47,63,110,s055,214,1,0,28,47,15,28,8,19,2,5,7,134,16,42,8,21,2,6,8,23,47,24,63,47,110
1991-7308-MS020-1-13-r023-b350,adelaide,/en/scores/1991/7308/MS020/match-stats?isLive=False,01:30:00,90,r023,275,4,2,40,72,33,40,14,32,7,8,10,176,13,41,21,36,4,8,11,47,72,34,77,81,149,b350,226,2,2,41,77,28,41,15,36,4,8,11,97,7,40,18,32,1,8,10,43,77,25,72,68,149
1991-7308-MS024-1-11-s351-f031,adelaide,/en/scores/1991/7308/MS024/match-stats?isLive=False,01:07:00,67,s351,230,7,1,32,49,28,32,12,17,0,0,10,119,15,42,9,22,2,9,10,40,49,24,64,64,113,f031,271,2,0,42,64,27,42,13,22,7,9,10,42,4,32,5,17,0,0,10,40,64,9,49,49,113
1991-7308-MS028-1-10-w035-k016,adelaide,/en/scores/1991/7308/MS028/match-stats?isLive=False,01:39:00,99,w035,275,4,2,30,65,23,30,21,35,3,4,10,158,9,35,22,32,3,9,10,44,65,31,67,75,132,k016,226,4,5,35,67,26,35,10,32,6,9,10,98,7,30,14,35,1,4,10,36,67,21,65,57,132
1991-7308-MS019-1-9-w136-r186,adelaide,/en/scores/1991/7308/MS019/match-stats?isLive=False,01:25:00,85,w136,280,2,0,0,60,30,40,14,20,0,0,9,163,15,45,18,29,3,8,10,44,60,33,74,77,134,r186,236,3,3,45,74,30,45,11,29,5,8,10,55,10,40,6,20,0,0,9,41,74,16,60,57,134
1991-7308-MS025-1-8-b051-s443,adelaide,/en/scores/1991/7308/MS025/match-stats?isLive=False,03:01:00,181,b051,274,2,0,0,120,59,88,16,32,11,14,17,152,17,69,37,62,4,9,17,75,120,54,131,129,251,s443,238,11,17,69,131,52,69,25,62,5,9,17,121,29,88,16,32,3,14,17,77,131,45,120,122,251
1991-7308-MS030-1-7-h223-p014,adelaide,/en/scores/1991/7308/MS030/match-stats?isLive=False,02:32:00,152,h223,271,3,3,31,62,24,31,19,31,0,2,12,184,21,45,13,28,5,10,12,43,62,34,73,77,135,p014,226,0,1,45,73,24,45,15,28,5,10,12,178,7,31,12,31,2,2,12,39,73,19,62,58,135
1991-7308-MS018-1-6-k030-p004,adelaide,/en/scores/1991/7308/MS018/match-stats?isLive=False,01:11:00,71,k030,283,6,1,31,54,24,31,13,23,0,0,8,215,15,37,17,23,4,8,8,37,54,32,60,69,114,p004,197,2,2,37,60,22,37,6,23,4,8,8,66,7,31,10,23,0,0,8,28,60,17,54,45,114
1991-7308-MS022-1-5-k181-r193,adelaide,/en/scores/1991/7308/MS022/match-stats?isLive=False,01:03:00,63,k181,275,3,0,0,46,18,22,16,24,0,0,8,202,6,22,17,25,4,7,8,34,46,23,47,57,93,r193,198,0,4,22,47,16,22,8,25,3,7,8,51,4,22,8,24,0,0,8,24,47,12,46,36,93
1991-7308-MS021-1-4-s424-c028,adelaide,/en/scores/1991/7308/MS021/match-stats?isLive=False,01:28:00,88,s424,246,2,1,45,61,32,45,4,16,7,9,8,213,25,45,9,17,6,16,9,36,61,34,62,70,123,c028,198,1,0,45,62,20,45,8,17,10,16,9,151,13,45,12,16,2,9,8,28,62,25,61,53,123
1991-7308-MS029-1-3-s367-j008,adelaide,/en/scores/1991/7308/MS029/match-stats?isLive=False,01:29:00,89,s367,257,1,4,44,80,30,44,20,36,8,10,11,156,14,42,17,27,3,10,10,50,80,31,69,81,149,j008,234,3,4,42,69,28,42,10,27,7,10,10,114,14,44,16,36,2,10,11,38,69,30,80,68,149
1991-7308-MS026-1-2-s331-e106,adelaide,/en/scores/1991/7308/MS026/match-stats?isLive=False,00:57:00,57,s331,231,9,0,0,48,25,28,15,20,0,0,10,150,8,27,11,23,2,4,9,40,48,19,50,59,98,e106,256,4,1,27,50,19,27,12,23,2,4,9,36,3,28,5,20,0,0,10,31,50,8,48,39,98
1991-7308-MS017-1-1-z006-k021,adelaide,/en/scores/1991/7308/MS017/match-stats?isLive=False,01:59:00,119,z006,299,19,4,56,101,45,56,25,45,9,10,15,108,6,41,16,43,1,2,15,70,101,22,84,92,185,k021,296,8,2,41,84,35,41,27,43,1,2,15,80,11,56,20,45,1,10,15,62,84,31,101,93,185
1991-354-MS002-4-2-f164-b040,wellington,/en/scores/1991/354/MS002/match-stats?isLive=False,02:35:00,155,f164,273,11,2,70,114,54,70,22,44,7,11,17,156,37,92,11,27,4,8,16,76,114,48,119,124,233,b040,271,1,1,92,119,55,92,16,27,4,8,16,132,16,70,22,44,4,11,17,71,119,38,114,109,233
1991-354-MS003-4-1-j084-c009,wellington,/en/scores/1991/354/MS003/match-stats?isLive=False,02:22:00,142,j084,266,6,5,64,100,45,64,20,36,1,5,16,141,17,62,40,68,5,19,17,65,100,57,130,122,230,c009,242,16,6,62,130,45,62,28,68,14,19,17,179,19,64,16,36,4,5,16,73,130,35,100,108,230
1991-354-MS005-3-4-f164-k024,wellington,/en/scores/1991/354/MS005/match-stats?isLive=False,02:21:00,141,f164,245,8,0,0,113,45,63,20,50,8,13,17,175,26,66,16,35,6,11,17,65,113,42,101,107,214,k024,243,0,1,66,101,40,66,19,35,5,11,17,156,18,63,30,50,5,13,17,59,101,48,113,107,214
1991-354-MS006-3-3-c009-h029,wellington,/en/scores/1991/354/MS006/match-stats?isLive=False,01:42:00,102,c009,242,7,2,23,80,19,23,30,57,6,9,11,189,11,31,16,28,4,7,10,49,80,27,59,76,139,h029,219,3,5,31,59,20,31,12,28,3,7,10,124,4,23,27,57,3,9,11,32,59,31,80,63,139
1991-354-MS004-3-2-b040-p198,wellington,/en/scores/1991/354/MS004/match-stats?isLive=False,01:27:00,87,b040,282,1,0,0,76,34,59,11,17,4,6,10,178,22,39,13,31,4,10,10,45,76,35,70,80,146,p198,219,2,1,39,70,17,39,18,31,6,10,10,130,25,59,6,17,2,6,10,35,70,31,76,66,146
1991-354-MS007-3-1-j084-s102,wellington,/en/scores/1991/354/MS007/match-stats?isLive=False,01:02:00,62,j084,267,1,1,25,45,14,25,16,20,2,4,8,247,20,35,12,20,6,11,8,30,45,32,55,62,100,s102,174,2,0,35,55,15,35,8,20,5,11,8,139,11,25,4,20,2,4,8,23,55,15,45,38,100
1991-354-MS010-2-8-f164-v002,wellington,/en/scores/1991/354/MS010/match-stats?isLive=False,01:12:00,72,f164,272,7,0,0,54,23,32,13,22,0,0,8,198,20,42,11,22,4,8,8,36,54,31,64,67,118,v002,215,1,4,42,64,22,42,11,22,4,8,8,69,9,32,9,22,0,0,8,33,64,18,54,51,118
1991-354-MS011-2-7-k024-m035,wellington,/en/scores/1991/354/MS011/match-stats?isLive=False,01:13:00,73,k024,312,1,0,0,56,33,44,8,12,2,3,10,211,13,37,17,26,4,6,9,41,56,30,63,71,119,m035,213,1,2,37,63,24,37,9,26,2,6,9,101,11,44,4,12,1,3,10,33,63,15,56,48,119
1991-354-MS012-2-6-c009-z045,wellington,/en/scores/1991/354/MS012/match-stats?isLive=False,01:14:00,74,c009,281,2,0,0,50,19,24,17,26,0,0,8,183,21,49,15,23,4,16,8,36,50,36,72,72,122,z045,213,7,4,49,72,28,49,8,23,12,16,8,56,5,24,9,26,0,0,8,36,72,14,50,50,122
1991-354-MS014-2-5-s102-a028,wellington,/en/scores/1991/354/MS014/match-stats?isLive=False,01:14:00,74,s102,232,2,1,46,73,30,46,10,27,7,10,9,249,15,31,17,25,6,9,9,40,73,32,56,72,129,a028,169,1,4,31,56,16,31,8,25,3,9,9,161,16,46,17,27,3,10,9,24,56,33,73,57,129
1991-354-MS009-2-4-p198-s015,wellington,/en/scores/1991/354/MS009/match-stats?isLive=False,01:10:00,70,p198,272,1,3,37,61,23,37,15,24,2,3,9,176,19,41,11,22,4,11,9,38,61,30,63,68,124,s015,225,3,2,41,63,22,41,11,22,7,11,9,120,14,37,9,24,1,3,9,33,63,23,61,56,124
1991-354-MS008-2-3-b040-m048,wellington,/en/scores/1991/354/MS008/match-stats?isLive=False,01:08:00,68,b040,270,2,1,37,49,25,37,6,12,4,6,8,247,24,47,6,8,6,11,9,31,49,30,55,61,104,m048,191,0,1,47,55,23,47,2,8,5,11,9,140,12,37,6,12,2,6,8,25,55,18,49,43,104
1991-354-MS013-2-2-h029-w011,wellington,/en/scores/1991/354/MS013/match-stats?isLive=False,01:15:00,75,h029,217,1,2,37,62,28,37,15,25,0,0,9,173,10,24,9,24,3,5,9,43,62,19,48,62,110,w011,238,2,1,24,48,14,24,15,24,2,5,9,64,9,37,10,25,0,0,9,29,48,19,62,48,110
1991-354-MS015-2-1-j084-o076,wellington,/en/scores/1991/354/MS015/match-stats?isLive=False,01:03:00,63,j084,256,3,0,0,61,28,39,12,22,0,0,8,210,7,25,13,20,4,6,8,40,61,20,45,60,106,o076,212,1,2,25,45,18,25,7,20,2,6,8,73,11,39,10,22,0,0,8,25,45,21,61,46,106
1991-354-MS016-1-16-b040-c260,wellington,/en/scores/1991/354/MS016/match-stats?isLive=False,02:27:00,147,b040,257,3,2,56,94,37,56,21,38,3,6,12,122,30,72,12,34,3,15,12,58,94,42,106,100,200,c260,269,4,1,72,106,42,72,22,34,12,15,12,154,19,56,17,38,3,6,12,64,106,36,94,100,200
1991-354-MS031-1-15-j084-v037,wellington,/en/scores/1991/354/MS031/match-stats?isLive=False,01:06:00,66,j084,278,3,2,32,59,23,32,17,27,2,3,9,205,12,30,14,26,4,6,9,40,59,26,56,66,115,v037,215,2,2,30,56,18,30,12,26,2,6,9,109,9,32,10,27,1,3,9,30,56,19,59,49,115
1991-354-MS020-1-14-f164-h228,wellington,/en/scores/1991/354/MS020/match-stats?isLive=False,01:26:00,86,f164,246,3,2,36,60,25,36,11,24,5,8,10,214,23,40,13,26,6,13,10,36,60,36,66,72,126,h228,195,2,1,40,66,17,40,13,26,7,13,10,153,11,36,13,24,3,8,10,30,66,24,60,54,126
1991-354-MS027-1-13-h029-n025,wellington,/en/scores/1991/354/MS027/match-stats?isLive=False,01:53:00,113,h029,261,3,4,58,84,39,58,13,26,8,11,13,147,15,56,15,27,3,7,14,52,84,30,83,82,167,n025,265,4,1,56,83,41,56,12,27,4,7,14,133,19,58,13,26,3,11,13,53,83,32,84,85,167
1991-354-MS023-1-12-m035-e025,wellington,/en/scores/1991/354/MS023/match-stats?isLive=False,01:23:00,83,m035,281,1,1,38,63,27,38,15,25,6,7,10,178,13,40,12,22,3,5,10,42,63,25,62,67,125,e025,249,2,1,40,62,27,40,10,22,2,5,10,93,11,38,10,25,1,7,10,37,62,21,63,58,125
1991-354-MS024-1-11-c009-g212,wellington,/en/scores/1991/354/MS024/match-stats?isLive=False,00:55:00,55,c009,281,2,1,18,36,14,18,12,18,0,1,7,289,15,29,11,13,6,9,7,26,36,26,42,52,78,g212,146,1,1,29,42,14,29,2,13,3,9,7,169,4,18,6,18,1,1,7,16,42,10,36,26,78
1991-354-MS028-1-10-a028-c113,wellington,/en/scores/1991/354/MS028/match-stats?isLive=False,01:06:00,66,a028,302,2,1,29,48,26,29,12,19,0,0,9,151,15,42,8,14,3,12,9,38,48,23,56,61,104,c113,248,3,3,42,56,27,42,6,14,9,12,9,47,3,29,7,19,0,0,9,33,56,10,48,43,104
1991-354-MS019-1-9-s015-c024,wellington,/en/scores/1991/354/MS019/match-stats?isLive=False,01:45:00,105,s015,257,3,1,68,91,40,68,13,23,6,11,14,216,23,61,18,25,6,10,13,53,91,41,86,94,177,c024,217,4,1,61,86,38,61,7,25,4,10,13,164,28,68,10,23,5,11,14,45,86,38,91,83,177
1991-354-MS022-1-8-k024-s321,wellington,/en/scores/1991/354/MS022/match-stats?isLive=False,02:11:00,131,k024,235,2,1,56,77,29,56,11,21,4,10,14,188,30,71,22,36,7,20,14,40,77,52,107,92,184,s321,208,2,7,71,107,41,71,14,36,13,20,14,198,27,56,10,21,6,10,14,55,107,37,77,92,184
1991-354-MS017-1-7-m048-s380,wellington,/en/scores/1991/354/MS017/match-stats?isLive=False,01:13:00,73,m048,273,1,2,36,57,24,36,12,21,5,6,8,214,10,32,25,33,5,11,8,36,57,35,65,71,122,s380,180,5,4,32,65,22,32,8,33,6,11,8,105,12,36,9,21,1,6,8,30,65,21,57,51,122
1991-354-MS030-1-6-o076-w124,wellington,/en/scores/1991/354/MS030/match-stats?isLive=False,01:47:00,107,o076,255,3,2,43,80,28,43,22,37,0,3,13,155,17,53,19,38,3,6,13,50,80,36,91,86,171,w124,249,2,5,53,91,36,53,19,38,3,6,13,199,15,43,15,37,3,3,13,55,91,30,80,85,171
1991-354-MS018-1-5-p198-d022,wellington,/en/scores/1991/354/MS018/match-stats?isLive=False,02:15:00,135,p198,206,1,4,80,121,49,80,13,41,20,27,14,227,43,79,16,30,9,16,14,62,121,59,109,121,230,d022,200,0,0,79,109,36,79,14,30,7,16,14,183,31,80,28,41,7,27,14,50,109,59,121,109,230
1991-354-MS029-1-4-s102-b037,wellington,/en/scores/1991/354/MS029/match-stats?isLive=False,01:05:00,65,s102,262,6,6,45,70,35,45,8,25,6,7,9,210,10,30,13,23,4,5,10,43,70,23,53,66,123,b037,227,3,3,30,53,20,30,10,23,1,5,10,115,10,45,17,25,1,7,9,30,53,27,70,57,123
1991-354-MS021-1-3-v002-c252,wellington,/en/scores/1991/354/MS021/match-stats?isLive=False,01:22:00,82,v002,249,2,3,40,79,24,40,23,39,11,13,10,190,16,35,7,14,4,8,9,47,79,23,49,70,128,c252,230,0,0,35,49,19,35,7,14,4,8,9,116,16,40,16,39,2,13,10,26,49,32,79,58,128
1991-354-MS026-1-2-w011-f192,wellington,/en/scores/1991/354/MS026/match-stats?isLive=False,02:10:00,130,w011,258,7,8,79,127,56,79,19,48,13,15,15,161,21,63,16,32,5,11,15,75,127,37,95,112,222,f192,251,3,1,63,95,42,63,16,32,6,11,15,115,23,79,29,48,2,15,15,58,95,52,127,110,222
1991-354-MS025-1-1-z045-v141,wellington,/en/scores/1991/354/MS025/match-stats?isLive=False,01:10:00,70,z045,278,3,3,39,64,30,39,13,25,0,0,9,163,11,33,8,17,3,6,9,43,64,19,50,62,114,v141,253,2,1,33,50,22,33,9,17,3,6,9,71,9,39,12,25,0,0,9,31,50,21,64,52,114
1991-338-MS001-5-1-f035-s351,sydney,/en/scores/1991/338/MS001/match-stats?isLive=False,01:13:00,73,f035,287,7,1,28,52,23,28,18,24,0,0,10,136,9,35,17,27,2,8,9,41,52,26,62,67,114,s351,242,5,7,35,62,26,35,10,27,6,8,9,43,5,28,6,24,0,0,10,36,62,11,52,47,114
1991-338-MS002-4-2-f035-r043,sydney,/en/scores/1991/338/MS002/match-stats?isLive=False,00:52:00,52,f035,289,6,0,0,35,17,21,8,14,0,1,7,322,17,25,11,16,6,6,7,25,35,28,41,53,76,r043,138,2,2,25,41,8,25,5,16,0,6,7,176,4,21,6,14,1,1,7,13,41,10,35,23,76
1991-338-MS003-4-1-s351-g182,sydney,/en/scores/1991/338/MS003/match-stats?isLive=False,01:30:00,90,s351,196,6,3,46,74,39,46,13,28,0,0,11,121,16,48,7,24,1,2,11,52,74,23,72,75,146,g182,294,1,2,48,72,32,48,17,24,1,2,11,69,7,46,15,28,0,0,11,49,72,22,74,71,146
1991-338-MS005-3-4-f035-s424,sydney,/en/scores/1991/338/MS005/match-stats?isLive=False,01:12:00,72,f035,254,7,1,30,50,25,30,11,20,0,0,8,193,13,27,17,30,4,13,7,36,50,30,57,66,107,s424,183,2,3,27,57,14,27,13,30,9,13,7,62,5,30,9,20,0,0,8,27,57,14,50,41,107
1991-338-MS007-3-3-g182-c001,sydney,/en/scores/1991/338/MS007/match-stats?isLive=False,01:27:00,87,g182,248,0,3,41,69,26,41,16,28,2,5,11,219,18,32,15,32,5,7,11,42,69,33,64,75,133,c001,198,2,5,32,64,14,32,17,32,2,7,11,167,15,41,12,28,3,5,11,31,64,27,69,58,133
1991-338-MS004-3-2-r043-j004,sydney,/en/scores/1991/338/MS004/match-stats?isLive=False,01:03:00,63,r043,281,1,1,35,52,26,35,9,17,3,4,8,224,8,22,19,27,5,9,8,35,52,27,49,62,101,j004,171,2,7,22,49,14,22,8,27,4,9,8,110,9,35,8,17,1,4,8,22,49,17,52,39,101
1991-338-MS006-3-1-s351-a163,sydney,/en/scores/1991/338/MS006/match-stats?isLive=False,00:49:00,49,s351,220,2,0,0,37,15,15,17,22,0,0,8,227,17,34,5,8,4,7,7,32,37,22,42,54,79,a163,208,1,4,34,42,17,34,3,8,3,7,7,23,0,0,5,22,0,0,8,20,42,0,0,0,0
1991-338-MS010-2-8-f035-w136,sydney,/en/scores/1991/338/MS010/match-stats?isLive=False,00:52:00,52,f035,197,2,2,21,40,18,21,11,19,0,0,7,270,13,25,11,13,5,10,6,29,40,24,38,53,78,w136,146,1,0,25,38,12,25,2,13,5,10,6,56,3,21,8,19,0,0,7,14,38,11,40,25,78
1991-338-MS013-2-7-s351-h025,sydney,/en/scores/1991/338/MS013/match-stats?isLive=False,01:55:00,115,s351,283,12,4,55,97,48,55,19,42,6,8,15,111,13,52,21,51,2,6,16,67,97,34,103,101,200,h025,269,1,3,52,103,39,52,30,51,4,6,16,106,7,55,23,42,2,8,15,69,103,30,97,99,200
1991-338-MS011-2-6-s424-k023,sydney,/en/scores/1991/338/MS011/match-stats?isLive=False,02:10:00,130,s424,267,1,3,39,79,30,39,23,40,1,3,14,109,25,68,16,40,2,11,14,53,79,41,108,94,187,k023,273,3,1,68,108,43,68,24,40,9,11,14,147,9,39,17,40,2,3,14,67,108,26,79,93,187
1991-338-MS009-2-5-j004-c260,sydney,/en/scores/1991/338/MS009/match-stats?isLive=False,01:04:00,64,j004,294,4,1,25,45,22,25,12,20,0,0,8,183,7,26,17,25,4,9,9,34,45,24,51,58,96,c260,208,0,3,26,51,19,26,8,25,5,9,9,52,3,25,8,20,0,0,8,27,51,11,45,38,96
1991-338-MS012-2-4-a163-a031,sydney,/en/scores/1991/338/MS012/match-stats?isLive=False,01:22:00,82,a163,273,2,3,43,58,30,43,8,15,4,6,9,208,12,28,13,25,5,8,10,38,58,25,53,63,111,a031,204,1,5,28,53,16,28,12,25,3,8,10,132,13,43,7,15,2,6,9,28,53,20,58,48,111
1991-338-MS014-2-3-c001-k214,sydney,/en/scores/1991/338/MS014/match-stats?isLive=False,01:23:00,83,c001,254,2,1,44,78,32,44,15,34,9,11,10,176,12,39,19,31,4,9,10,47,78,31,70,78,148,k214,225,5,4,39,70,27,39,12,31,5,9,10,121,12,44,19,34,2,11,10,39,70,31,78,70,148
1991-338-MS015-2-2-g182-m012,sydney,/en/scores/1991/338/MS015/match-stats?isLive=False,01:25:00,85,g182,298,0,2,53,69,41,53,9,16,1,2,11,134,14,40,12,26,2,6,10,50,69,26,66,76,135,m012,261,2,1,40,66,26,40,14,26,4,6,10,126,12,53,7,16,1,2,11,40,66,19,69,59,135
1991-338-MS008-2-1-r043-m030,sydney,/en/scores/1991/338/MS008/match-stats?isLive=False,01:36:00,96,r043,264,4,3,42,76,35,42,15,34,2,4,11,161,23,62,8,17,3,6,11,50,76,31,79,81,155,m030,267,1,0,62,79,39,62,9,17,3,6,11,141,7,42,19,34,2,4,11,48,79,26,76,74,155
1991-338-MS016-1-16-m030-l018,sydney,/en/scores/1991/338/MS016/match-stats?isLive=False,01:28:00,88,m030,260,1,3,47,68,33,47,9,21,2,4,10,74,16,47,14,35,0,0,10,42,68,30,82,72,150,l018,227,5,1,47,82,31,47,21,35,0,0,10,157,14,47,12,21,2,4,10,52,82,26,68,78,150
1991-338-MS031-1-15-g182-s101,sydney,/en/scores/1991/338/MS031/match-stats?isLive=False,01:50:00,110,g182,235,0,2,65,97,42,65,13,32,5,10,14,194,14,47,23,36,6,10,15,55,97,37,83,92,180,s101,224,5,4,47,83,33,47,13,36,4,10,15,179,23,65,19,32,5,10,14,46,83,42,97,88,180
1991-338-MS020-1-14-f035-d004,sydney,/en/scores/1991/338/MS020/match-stats?isLive=False,01:10:00,70,f035,259,6,4,27,58,24,27,17,31,0,0,9,172,13,28,8,24,3,5,9,41,58,21,52,62,110,d004,241,6,6,28,52,15,28,16,24,2,5,9,56,3,27,14,31,0,0,9,31,52,17,58,48,110
1991-338-MS027-1-13-h025-k181,sydney,/en/scores/1991/338/MS027/match-stats?isLive=False,01:30:00,90,h025,307,10,0,0,59,29,36,15,23,2,3,10,153,13,34,17,36,3,8,10,44,59,30,70,74,129,k181,231,0,3,34,70,21,34,19,36,5,8,10,97,7,36,8,23,1,3,10,40,70,15,59,55,129
1991-338-MS024-1-12-a163-b281,sydney,/en/scores/1991/338/MS024/match-stats?isLive=False,01:45:00,105,a163,222,1,3,37,71,24,37,14,34,5,8,9,228,10,27,24,34,6,10,10,38,71,34,61,72,132,b281,171,1,6,27,61,17,27,10,34,4,10,10,165,13,37,20,34,3,8,9,27,61,33,71,60,132
1991-338-MS023-1-11-k023-s331,sydney,/en/scores/1991/338/MS023/match-stats?isLive=False,01:32:00,92,k023,287,1,1,45,80,34,45,22,35,3,4,13,178,17,51,22,37,6,15,13,56,80,39,88,95,168,s331,215,2,6,51,88,34,51,15,37,9,15,13,93,11,45,13,35,1,4,13,49,88,24,80,73,168
1991-338-MS019-1-10-c260-w123,sydney,/en/scores/1991/338/MS019/match-stats?isLive=False,01:04:00,64,c260,212,3,2,21,36,18,21,10,15,0,0,7,206,16,38,22,32,5,21,7,28,36,38,70,66,106,w123,170,4,5,38,70,22,38,10,32,16,21,7,47,3,21,5,15,0,0,7,32,70,8,36,40,106
1991-338-MS028-1-9-k214-r214,sydney,/en/scores/1991/338/MS028/match-stats?isLive=False,01:00:00,60,k214,291,10,1,30,52,25,30,14,22,0,0,9,176,9,26,14,26,3,6,8,39,52,23,52,62,104,r214,220,1,4,26,52,17,26,12,26,3,6,8,53,5,30,8,22,0,0,9,29,52,13,52,42,104
1991-338-MS025-1-8-a031-k148,sydney,/en/scores/1991/338/MS025/match-stats?isLive=False,01:31:00,91,a031,281,5,1,60,86,41,60,14,26,4,6,14,165,15,42,20,41,5,11,14,55,86,35,83,90,169,k148,228,2,4,42,83,27,42,21,41,6,11,14,125,19,60,12,26,2,6,14,48,83,31,86,79,169
1991-338-MS029-1-7-c001-b350,sydney,/en/scores/1991/338/MS029/match-stats?isLive=False,01:40:00,100,c001,227,0,8,66,111,43,66,18,45,7,11,14,153,17,49,7,20,3,5,13,61,111,24,69,85,180,b350,279,3,1,49,69,32,49,13,20,2,5,13,159,23,66,27,45,4,11,14,45,69,50,111,95,180
1991-338-MS018-1-6-j004-r186,sydney,/en/scores/1991/338/MS018/match-stats?isLive=False,01:08:00,68,j004,305,10,3,32,53,29,32,12,21,0,0,10,138,6,26,13,29,2,4,10,41,53,19,55,60,108,r186,258,1,2,26,55,20,26,16,29,2,4,10,52,3,32,9,21,0,0,10,36,55,12,53,48,108
1991-338-MS030-1-5-m012-k016,sydney,/en/scores/1991/338/MS030/match-stats?isLive=False,01:43:00,103,m012,274,1,0,0,84,34,51,20,33,5,7,13,175,16,46,17,34,4,7,12,54,84,33,80,87,164,k016,240,5,4,46,80,30,46,17,34,3,7,12,116,17,51,13,33,2,7,13,47,80,30,84,77,164
1991-338-MS017-1-4-r043-s055,sydney,/en/scores/1991/338/MS017/match-stats?isLive=False,01:07:00,67,r043,280,5,3,35,48,28,35,5,13,3,4,8,215,25,48,9,16,5,11,8,33,48,34,64,67,112,s055,202,0,2,48,64,23,48,7,16,6,11,8,119,7,35,8,13,1,4,8,30,64,15,48,45,112
1991-338-MS022-1-3-s424-s080,sydney,/en/scores/1991/338/MS022/match-stats?isLive=False,01:23:00,83,s424,237,3,0,0,56,17,24,16,32,3,6,10,245,14,30,17,27,6,8,10,33,56,31,57,64,113,s080,183,0,0,30,57,16,30,10,27,2,8,10,159,7,24,16,32,3,6,10,26,57,23,56,49,113
1991-338-MS026-1-2-s351-v037,sydney,/en/scores/1991/338/MS026/match-stats?isLive=False,01:09:00,69,s351,274,3,3,23,52,21,23,18,29,0,0,9,141,6,29,17,30,3,9,10,39,52,23,59,62,111,v037,239,0,2,29,59,23,29,13,30,6,9,10,47,2,23,11,29,0,0,9,36,59,13,52,49,111
1991-338-MS021-1-1-w136-l206,sydney,/en/scores/1991/338/MS021/match-stats?isLive=False,01:11:00,71,w136,266,2,4,31,55,20,31,16,24,1,3,10,202,28,57,9,17,5,10,10,36,55,37,74,73,129,l206,226,1,0,57,74,29,57,8,17,5,10,10,155,11,31,8,24,2,3,10,37,74,19,55,56,129
1991-301-MS001-5-1-n025-f031,auckland,/en/scores/1991/301/MS001/match-stats?isLive=False,02:04:00,124,n025,278,5,3,41,78,32,41,23,37,0,2,12,137,17,55,18,36,2,5,12,55,78,35,91,90,169,f031,263,4,3,55,91,38,55,18,36,3,5,12,176,9,41,14,37,2,2,12,56,91,23,78,79,169
1991-301-MS003-4-2-n025-v002,auckland,/en/scores/1991/301/MS003/match-stats?isLive=False,01:54:00,114,n025,266,3,2,47,86,30,47,24,39,4,6,13,205,8,34,21,35,5,6,13,54,86,29,69,83,155,v002,229,5,2,34,69,26,34,14,35,1,6,13,122,17,47,15,39,2,6,13,40,69,32,86,72,155
1991-301-MS002-4-1-f031-m035,auckland,/en/scores/1991/301/MS002/match-stats?isLive=False,02:09:00,129,f031,253,6,3,46,89,36,46,18,43,5,8,14,155,16,48,17,39,4,8,14,54,89,33,87,87,176,m035,254,5,0,48,87,32,48,22,39,4,8,14,139,10,46,25,43,3,8,14,54,87,35,89,89,176
1991-301-MS004-3-4-f031-s014,auckland,/en/scores/1991/301/MS004/match-stats?isLive=False,01:27:00,87,f031,259,3,5,42,71,28,42,16,29,0,2,10,190,15,41,10,16,4,8,10,44,71,25,57,69,128,s014,234,1,0,41,57,26,41,6,16,4,8,10,198,14,42,13,29,2,2,10,32,57,27,71,59,128
1991-301-MS007-3-1-v002-k030,auckland,/en/scores/1991/301/MS007/match-stats?isLive=False,02:10:00,130,v002,256,8,8,51,104,35,51,31,53,9,12,15,153,17,55,18,31,4,11,14,66,104,35,86,101,190,k030,250,5,1,55,86,38,55,13,31,7,11,14,118,16,51,22,53,3,12,15,51,86,38,104,89,190
1991-301-MS008-2-8-s014-w124,auckland,/en/scores/1991/301/MS008/match-stats?isLive=False,02:17:00,137,s014,267,8,4,88,130,64,88,15,42,3,5,15,135,12,47,12,40,2,3,16,79,130,24,87,103,217,w124,288,7,4,47,87,35,47,28,40,1,3,16,144,24,88,27,42,2,5,15,63,87,51,130,114,217
1991-301-MS015-2-7-v002-c031,auckland,/en/scores/1991/301/MS015/match-stats?isLive=False,02:22:00,142,v002,236,6,0,0,116,34,53,33,63,8,13,16,223,24,62,25,37,7,10,15,67,116,49,99,116,215,c031,205,2,6,62,99,38,62,12,37,3,10,15,153,19,53,30,63,5,13,16,50,99,49,116,99,215
1991-301-MS013-2-6-n025-c046,auckland,/en/scores/1991/301/MS013/match-stats?isLive=False,01:17:00,77,n025,303,7,0,0,52,29,34,10,18,4,5,10,170,13,41,18,31,3,6,10,39,52,31,72,70,124,c046,243,7,1,41,72,28,41,13,31,3,6,10,89,5,34,8,18,1,5,10,41,72,13,52,54,124
1991-301-MS011-2-5-m035-y017,auckland,/en/scores/1991/301/MS011/match-stats?isLive=False,01:01:00,61,m035,284,5,0,0,49,19,28,14,21,5,6,8,247,13,34,13,17,5,7,8,33,49,26,51,59,100,y017,188,0,2,34,51,21,34,4,17,2,7,8,94,9,28,7,21,1,6,8,25,51,16,49,41,100
1991-301-MS012-2-4-j084-c009,auckland,/en/scores/1991/301/MS012/match-stats?isLive=False,02:25:00,145,j084,244,4,2,71,112,50,71,16,41,11,16,17,143,19,54,36,73,5,18,16,66,112,55,127,121,239,c009,232,10,5,54,127,35,54,37,73,13,18,16,151,21,71,25,41,5,16,17,72,127,46,112,118,239
1991-301-MS014-2-3-k030-a028,auckland,/en/scores/1991/301/MS014/match-stats?isLive=False,02:15:00,135,k030,253,7,2,55,96,34,55,22,41,3,7,16,202,18,59,28,49,5,6,16,56,96,46,108,102,204,a028,236,6,5,59,108,41,59,21,49,1,6,16,166,21,55,19,41,4,7,16,62,108,40,96,102,204
1991-301-MS010-2-2-b040-a199,auckland,/en/scores/1991/301/MS010/match-stats?isLive=False,02:22:00,142,b040,255,2,2,82,108,48,82,14,26,8,13,15,167,25,64,24,45,6,16,16,62,108,49,109,111,217,a199,224,2,7,64,109,39,64,21,45,10,16,16,158,34,82,12,26,5,13,15,60,109,46,108,106,217
1991-301-MS009-2-1-f031-j008,auckland,/en/scores/1991/301/MS009/match-stats?isLive=False,01:03:00,63,f031,278,0,1,20,43,15,20,16,23,1,2,8,247,26,51,7,9,5,9,8,31,43,33,60,64,103,j008,189,0,4,51,60,25,51,2,9,4,9,8,117,5,20,7,23,1,2,8,27,60,12,43,39,103
1991-301-MS016-1-16-s014-f192,auckland,/en/scores/1991/301/MS016/match-stats?isLive=False,01:03:00,63,s014,284,1,0,0,53,30,37,7,16,5,6,9,216,13,30,9,16,4,6,8,37,53,22,46,59,99,f192,219,3,0,30,46,17,30,7,16,2,6,8,103,7,37,9,16,1,6,9,24,46,16,53,40,99
1991-301-MS031-1-15-c031-r193,auckland,/en/scores/1991/301/MS031/match-stats?isLive=False,01:08:00,68,c031,283,0,0,0,59,23,36,16,23,1,2,9,188,12,29,16,28,4,10,8,39,59,28,57,67,116,r193,197,0,6,29,57,17,29,12,28,6,10,8,127,13,36,7,23,1,2,9,29,57,20,59,49,116
1991-301-MS020-1-14-a199-f164,auckland,/en/scores/1991/301/MS020/match-stats?isLive=False,01:05:00,65,a199,288,4,4,46,65,34,46,12,19,0,0,10,121,4,25,12,24,2,6,9,46,65,16,49,62,114,f164,260,1,3,25,49,21,25,12,24,4,6,9,63,12,46,7,19,0,0,10,33,49,19,65,52,114
1991-301-MS027-1-13-n025-m093,auckland,/en/scores/1991/301/MS027/match-stats?isLive=False,02:31:00,151,n025,277,7,2,55,100,39,55,27,45,5,7,15,115,12,50,25,49,3,15,15,66,100,37,99,103,199,m093,260,7,3,50,99,38,50,24,49,12,15,15,111,16,55,18,45,2,7,15,62,99,34,100,96,199
1991-301-MS023-1-12-m035-e061,auckland,/en/scores/1991/301/MS023/match-stats?isLive=False,02:18:00,138,m035,242,9,3,67,110,43,67,20,43,8,13,14,138,21,61,21,47,3,8,14,63,110,42,108,105,218,e061,254,3,4,61,108,40,61,26,47,5,8,14,162,24,67,23,43,5,13,14,66,108,47,110,113,218
1991-301-MS024-1-11-c009-c252,auckland,/en/scores/1991/301/MS024/match-stats?isLive=False,00:56:00,56,c009,292,5,1,26,47,23,26,12,21,2,3,9,223,17,32,4,10,4,5,8,35,47,21,42,56,89,c252,233,0,0,32,42,15,32,6,10,1,5,8,99,3,26,9,21,1,3,9,21,42,12,47,33,89
1991-301-MS028-1-10-a028-r023,auckland,/en/scores/1991/301/MS028/match-stats?isLive=False,01:08:00,68,a028,168,2,4,36,57,28,36,9,21,0,0,7,244,12,23,13,22,5,7,8,37,57,25,45,62,102,r023,176,2,3,23,45,11,23,9,22,2,7,8,79,8,36,12,21,0,0,7,20,45,20,57,40,102
1991-301-MS019-1-9-j008-b051,auckland,/en/scores/1991/301/MS019/match-stats?isLive=False,01:48:00,108,j008,251,0,1,55,82,35,55,14,27,6,10,13,158,23,61,20,35,4,12,13,49,82,43,96,92,178,b051,239,3,2,61,96,38,61,15,35,8,12,13,154,20,55,13,27,4,10,13,53,96,33,82,86,178
1991-301-MS021-1-8-b040-s015,auckland,/en/scores/1991/301/MS021/match-stats?isLive=False,00:52:00,52,b040,233,5,0,0,46,26,37,7,9,0,0,8,238,8,21,13,17,4,6,7,33,46,21,38,54,84,s015,183,0,0,21,38,13,21,4,17,2,6,7,52,11,37,2,9,0,0,8,17,38,13,46,30,84
1991-301-MS026-1-7-c046-p004,auckland,/en/scores/1991/301/MS026/match-stats?isLive=False,01:54:00,114,c046,262,5,2,55,93,40,55,18,38,4,7,15,131,18,53,15,35,2,5,14,58,93,33,88,91,181,p004,270,2,0,53,88,35,53,20,35,3,5,14,143,15,55,20,38,3,7,15,55,88,35,93,90,181
1991-301-MS018-1-6-f031-s321,auckland,/en/scores/1991/301/MS018/match-stats?isLive=False,01:41:00,101,f031,278,2,4,55,80,35,55,16,25,2,4,12,174,19,43,11,25,4,8,11,51,80,30,68,81,148,s321,236,1,3,43,68,24,43,14,25,4,8,11,138,20,55,9,25,2,4,12,38,68,29,80,67,148
1991-301-MS025-1-5-j084-s367,auckland,/en/scores/1991/301/MS025/match-stats?isLive=False,01:31:00,91,j084,278,3,2,48,84,36,48,19,36,7,8,13,138,15,51,19,34,3,10,13,55,84,34,85,89,169,s367,256,10,5,51,85,36,51,15,34,7,10,13,92,12,48,17,36,1,8,13,51,85,29,84,80,169
1991-301-MS029-1-4-k030-k024,auckland,/en/scores/1991/301/MS029/match-stats?isLive=False,01:12:00,72,k030,281,4,2,19,48,17,19,18,29,1,2,9,197,16,36,8,19,4,6,9,35,48,24,55,59,103,k024,231,0,3,36,55,20,36,11,19,2,6,9,110,2,19,11,29,1,2,9,31,55,13,48,44,103
1991-301-MS030-1-3-v002-w011,auckland,/en/scores/1991/301/MS030/match-stats?isLive=False,00:55:00,55,v002,221,1,1,20,38,18,20,14,18,0,0,8,194,15,29,12,25,4,9,8,32,38,27,54,59,92,w011,204,5,5,29,54,14,29,13,25,5,9,8,32,2,20,4,18,0,0,8,27,54,6,38,33,92
1991-301-MS017-1-2-w124-g055,auckland,/en/scores/1991/301/MS017/match-stats?isLive=False,01:12:00,72,w124,270,5,1,25,56,17,25,20,31,1,2,9,190,8,30,20,26,4,11,8,37,56,28,56,65,112,g055,197,4,7,30,56,22,30,6,26,7,11,8,128,8,25,11,31,1,2,9,28,56,19,56,47,112
1991-301-MS022-1-1-y017-e025,auckland,/en/scores/1991/301/MS022/match-stats?isLive=False,01:26:00,86,y017,248,0,0,0,78,41,62,10,16,0,0,10,148,11,33,13,29,2,4,10,51,78,24,62,75,140,e025,252,1,4,33,62,22,33,16,29,2,4,10,72,21,62,6,16,0,0,10,38,62,27,78,65,140
1991-580-MS001-7-1-b028-l018,australian-open,/en/scores/1991/580/MS001/match-stats?isLive=False,02:50:00,170,b028,275,9,4,86,121,60,86,16,35,9,12,18,145,23,72,18,43,4,8,19,76,121,41,115,117,236,l018,273,9,3,72,115,49,72,25,43,4,8,19,125,26,86,19,35,3,12,18,74,115,45,121,119,236
1991-580-MS002-6-2-l018-e004,australian-open,/en/scores/1991/580/MS002/match-stats?isLive=False,04:02:00,242,l018,265,12,4,95,165,70,95,34,70,6,12,26,157,29,97,29,64,6,10,27,104,165,58,161,162,326,e004,258,6,10,97,161,68,97,35,64,4,10,27,150,25,95,36,70,6,12,26,103,161,61,165,164,326
1991-580-MS003-6-1-b028-m048,australian-open,/en/scores/1991/580/MS003/match-stats?isLive=False,03:10:00,190,b028,300,23,5,83,126,63,83,22,43,6,8,19,170,31,76,26,59,7,14,20,85,126,57,135,142,261,m048,239,5,2,76,135,45,76,33,59,7,14,20,108,20,83,21,43,2,8,19,78,135,41,126,119,261
1991-580-MS004-5-4-e004-y017,australian-open,/en/scores/1991/580/MS004/match-stats?isLive=False,01:28:00,88,e004,292,2,4,46,71,34,46,16,25,5,6,12,223,19,46,16,27,7,10,13,50,71,35,73,85,144,y017,208,1,2,46,73,27,46,11,27,3,10,13,87,12,46,9,25,1,6,12,38,73,21,71,59,144
1991-580-MS007-5-3-b028-f035,australian-open,/en/scores/1991/580/MS007/match-stats?isLive=False,01:51:00,111,b028,236,14,3,50,81,43,50,24,31,0,0,15,148,11,39,16,41,3,5,14,67,81,27,80,94,161,f035,265,6,1,39,80,28,39,25,41,2,5,14,37,7,50,7,31,0,0,15,53,80,14,81,67,161
1991-580-MS005-5-2-l018-p050,australian-open,/en/scores/1991/580/MS005/match-stats?isLive=False,02:27:00,147,l018,302,9,2,58,95,52,58,19,37,1,2,15,147,31,71,14,34,4,11,15,71,95,45,105,116,200,p050,261,6,1,71,105,40,71,20,34,7,11,15,115,6,58,18,37,1,2,15,60,105,24,95,84,200
1991-580-MS006-5-1-m048-c270,australian-open,/en/scores/1991/580/MS006/match-stats?isLive=False,03:24:00,204,m048,248,9,6,92,150,65,92,25,58,3,10,24,166,43,106,32,64,9,23,25,90,150,75,170,165,320,c270,233,6,8,106,170,63,106,32,64,14,23,25,185,27,92,33,58,7,10,24,95,170,60,150,155,320
1991-580-MS008-4-8-e004-c243,australian-open,/en/scores/1991/580/MS008/match-stats?isLive=False,03:30:00,210,e004,280,9,7,119,169,87,119,22,50,14,16,23,158,38,101,24,50,6,13,23,109,169,62,151,171,320,c243,259,8,3,101,151,63,101,26,50,7,13,23,104,32,119,28,50,2,16,23,89,151,60,169,149,320
1991-580-MS015-4-7-b028-f196,australian-open,/en/scores/1991/580/MS015/match-stats?isLive=False,02:20:00,140,b028,292,4,2,66,107,49,66,25,41,7,8,16,125,25,66,19,45,3,11,16,74,107,44,111,118,218,f196,258,3,5,66,111,41,66,26,45,8,11,16,84,17,66,16,41,1,8,16,67,111,33,107,100,218
1991-580-MS010-4-6-l018-k023,australian-open,/en/scores/1991/580/MS010/match-stats?isLive=False,01:50:00,110,l018,285,11,6,34,70,30,34,19,36,0,0,11,222,25,53,24,36,7,14,12,49,70,49,89,98,159,k023,188,3,2,53,89,28,53,12,36,7,14,12,59,4,34,17,36,0,0,11,40,89,21,70,61,159
1991-580-MS014-4-5-f035-w136,australian-open,/en/scores/1991/580/MS014/match-stats?isLive=False,02:38:00,158,f035,270,5,1,52,96,40,52,25,44,0,4,19,167,35,90,21,39,6,14,19,65,96,56,129,121,225,w136,244,3,4,90,129,55,90,18,39,8,14,19,187,12,52,19,44,4,4,19,73,129,31,96,104,225
1991-580-MS013-4-4-c270-k214,australian-open,/en/scores/1991/580/MS013/match-stats?isLive=False,03:16:00,196,c270,259,4,6,119,184,84,119,29,65,11,16,26,160,36,105,20,39,6,12,24,113,184,56,144,169,328,k214,277,17,3,105,144,69,105,19,39,6,12,24,134,35,119,36,65,5,16,26,88,144,71,184,159,328
1991-580-MS012-4-3-m048-w035,australian-open,/en/scores/1991/580/MS012/match-stats?isLive=False,01:43:00,103,m048,263,4,4,31,68,24,31,21,37,0,2,12,224,28,61,16,24,8,16,13,45,68,44,85,89,153,w035,197,3,3,61,85,33,61,8,24,8,16,13,182,7,31,16,37,2,2,12,41,85,23,68,64,153
1991-580-MS011-4-2-p050-s381,australian-open,/en/scores/1991/580/MS011/match-stats?isLive=False,03:02:00,182,p050,297,1,0,0,124,73,98,15,26,0,3,21,152,33,91,40,83,6,15,21,88,124,73,174,161,298,s381,237,5,7,91,174,58,91,43,83,9,15,21,182,25,98,11,26,3,3,21,101,174,36,124,137,298
1991-580-MS009-4-1-y017-w023,australian-open,/en/scores/1991/580/MS009/match-stats?isLive=False,03:06:00,186,y017,263,3,1,94,134,67,94,17,40,4,9,22,159,32,84,24,49,7,18,21,84,134,56,133,140,267,w023,245,5,2,84,133,52,84,25,49,11,18,21,165,27,94,23,40,5,9,22,77,133,50,134,127,267
1991-580-MS016-3-16-e004-c023,australian-open,/en/scores/1991/580/MS016/match-stats?isLive=False,02:43:00,163,e004,249,2,7,77,113,53,77,15,36,5,9,16,185,36,83,17,31,7,16,16,68,113,53,114,121,227,c023,230,1,2,83,114,47,83,14,31,9,16,16,158,24,77,21,36,4,9,16,61,114,45,113,106,227
1991-580-MS031-3-15-b028-c009,australian-open,/en/scores/1991/580/MS031/match-stats?isLive=False,05:11:00,311,b028,269,7,0,0,206,101,140,31,66,5,13,33,112,28,105,50,111,5,20,33,132,206,78,216,210,422,c009,276,21,6,105,216,77,105,61,111,15,20,33,167,39,140,35,66,8,13,33,138,216,74,206,212,422
1991-580-MS020-3-14-l018-g182,australian-open,/en/scores/1991/580/MS020/match-stats?isLive=False,02:49:00,169,l018,268,8,5,79,137,56,79,28,58,5,7,18,188,33,80,13,25,6,10,17,84,137,46,105,130,242,g182,244,0,3,80,105,47,80,12,25,4,10,17,121,23,79,30,58,2,7,18,59,105,53,137,112,242
1991-580-MS023-3-13-p050-i034,australian-open,/en/scores/1991/580/MS023/match-stats?isLive=False,01:31:00,91,p050,208,5,2,54,83,44,54,17,29,0,0,14,192,12,46,14,24,4,5,14,61,83,26,70,87,153,i034,256,5,2,46,70,34,46,10,24,1,5,14,60,10,54,12,29,0,0,14,44,70,22,83,66,153
1991-580-MS019-3-12-w023-g016,australian-open,/en/scores/1991/580/MS019/match-stats?isLive=False,02:20:00,140,w023,291,6,2,68,105,49,68,21,37,5,6,15,210,16,53,17,33,4,4,14,70,105,33,86,103,191,g016,248,2,5,53,86,37,53,16,33,0,4,14,94,19,68,16,37,1,6,15,53,86,35,105,88,191
1991-580-MS028-3-11-w136-s101,australian-open,/en/scores/1991/580/MS028/match-stats?isLive=False,01:58:00,118,w136,289,2,3,49,85,35,49,25,36,1,2,14,195,23,58,23,39,6,12,13,60,85,46,97,106,182,s101,217,4,1,58,97,35,58,16,39,6,12,13,117,14,49,11,36,1,2,14,51,97,25,85,76,182
1991-580-MS029-3-10-f035-s351,australian-open,/en/scores/1991/580/MS029/match-stats?isLive=False,03:08:00,188,f035,285,7,2,75,154,56,75,52,79,9,11,22,110,13,80,33,59,2,7,21,108,154,46,139,154,293,s351,275,8,9,80,139,67,80,26,59,5,7,21,86,19,75,27,79,2,11,22,93,139,46,154,139,293
1991-580-MS025-3-9-m048-b281,australian-open,/en/scores/1991/580/MS025/match-stats?isLive=False,02:52:00,172,m048,267,7,1,57,110,43,57,28,53,7,10,16,210,24,67,29,45,7,11,15,71,110,53,112,124,222,b281,209,1,5,67,112,43,67,16,45,4,11,15,120,14,57,25,53,3,10,16,59,112,39,110,98,222
1991-580-MS021-3-8-k023-k030,australian-open,/en/scores/1991/580/MS021/match-stats?isLive=False,01:56:00,116,k023,266,9,1,55,84,37,55,16,29,1,5,14,215,24,52,25,38,8,19,13,53,84,49,90,102,174,k030,184,3,3,52,90,28,52,13,38,11,19,13,186,18,55,13,29,4,5,14,41,90,31,84,72,174
1991-580-MS017-3-7-c243-o076,australian-open,/en/scores/1991/580/MS017/match-stats?isLive=False,01:25:00,85,c243,225,6,0,0,64,37,46,12,18,0,0,12,225,12,31,22,34,6,9,11,49,64,34,65,83,129,o076,189,2,2,31,65,19,31,12,34,3,9,11,53,9,46,6,18,0,0,12,31,65,15,64,46,129
1991-580-MS027-3-6-c270-l010,australian-open,/en/scores/1991/580/MS027/match-stats?isLive=False,03:51:00,231,c270,264,5,6,128,188,81,128,34,60,13,19,27,146,31,92,36,75,7,18,27,115,188,67,167,182,355,l010,243,4,8,92,167,61,92,39,75,11,18,27,134,47,128,26,60,6,19,27,100,167,73,188,173,355
1991-580-MS030-3-5-f196-e106,australian-open,/en/scores/1991/580/MS030/match-stats?isLive=False,01:21:00,81,f196,293,9,1,48,81,38,48,18,33,4,5,13,228,17,41,16,29,6,7,13,56,81,33,70,89,151,e106,216,2,2,41,70,24,41,13,29,1,7,13,93,10,48,15,33,1,5,13,37,70,25,81,62,151
1991-580-MS026-3-4-k214-c001,australian-open,/en/scores/1991/580/MS026/match-stats?isLive=False,02:41:00,161,k214,303,20,4,83,133,62,83,30,50,7,9,21,137,43,113,20,44,5,16,21,92,133,63,157,155,290,c001,262,2,5,113,157,70,113,24,44,11,16,21,96,21,83,20,50,2,9,21,94,157,41,133,135,290
1991-580-MS022-3-3-s381-k016,australian-open,/en/scores/1991/580/MS022/match-stats?isLive=False,03:45:00,225,s381,279,12,1,78,134,61,78,28,56,2,6,23,180,33,89,29,56,8,14,23,89,134,62,145,151,279,k016,234,2,5,89,145,56,89,27,56,6,14,23,156,17,78,28,56,4,6,23,83,145,45,134,128,279
1991-580-MS024-3-2-w035-c046,australian-open,/en/scores/1991/580/MS024/match-stats?isLive=False,02:31:00,151,w035,284,2,1,86,119,61,86,18,33,4,7,20,151,28,78,22,46,5,12,20,79,119,50,124,129,243,c046,258,8,4,78,124,50,78,24,46,7,12,20,132,25,86,15,33,3,7,20,74,124,40,119,114,243
1991-580-MS018-3-1-y017-a031,australian-open,/en/scores/1991/580/MS018/match-stats?isLive=False,02:30:00,150,y017,272,2,1,98,128,58,98,19,30,7,12,18,199,34,79,16,34,8,12,19,77,128,50,113,127,241,a031,236,3,4,79,113,45,79,18,34,4,12,19,147,40,98,11,30,5,12,18,63,113,51,128,114,241
1991-580-MS032-2-32-e004-m031,australian-open,/en/scores/1991/580/MS032/match-stats?isLive=False,01:26:00,86,e004,281,3,1,48,69,33,48,12,21,3,5,12,235,28,49,12,22,8,14,12,45,69,40,71,85,140,m031,190,0,0,49,71,21,49,10,22,6,14,12,130,15,48,9,21,2,5,12,31,71,24,69,55,140
1991-580-MS063-2-31-b028-v002,australian-open,/en/scores/1991/580/MS063/match-stats?isLive=False,01:46:00,106,b028,315,3,2,51,70,38,51,14,19,1,2,13,193,17,43,24,42,6,12,13,52,70,41,85,93,155,v002,208,2,1,43,85,26,43,18,42,6,12,13,108,13,51,5,19,1,2,13,44,85,18,70,62,155
1991-580-MS040-2-30-l018-d004,australian-open,/en/scores/1991/580/MS040/match-stats?isLive=False,01:52:00,112,l018,321,0,0,0,83,48,62,16,21,1,2,15,151,22,64,27,45,4,14,14,64,83,49,109,113,192,d004,233,2,5,64,109,42,64,18,45,10,14,14,103,14,62,5,21,1,2,15,60,109,19,83,79,192
1991-580-MS047-2-29-i034-k024,australian-open,/en/scores/1991/580/MS047/match-stats?isLive=False,02:38:00,158,i034,274,12,5,78,157,58,78,42,79,13,15,22,163,32,99,11,24,5,8,22,100,157,43,123,143,280,k024,278,1,2,99,123,67,99,13,24,3,8,22,95,20,78,37,79,2,15,22,80,123,57,157,137,280
1991-580-MS039-2-28-g016-f164,australian-open,/en/scores/1991/580/MS039/match-stats?isLive=False,03:20:00,200,g016,263,8,7,92,147,67,92,24,55,8,12,23,175,19,69,33,62,7,11,23,91,147,52,131,143,278,f164,246,11,6,69,131,50,69,29,62,4,11,23,133,25,92,31,55,4,12,23,79,131,56,147,135,278
1991-580-MS056-2-27-s101-c252,australian-open,/en/scores/1991/580/MS056/match-stats?isLive=False,02:18:00,138,s101,260,4,1,50,100,38,50,27,50,3,7,18,199,30,77,19,32,8,14,18,65,100,49,109,114,209,c252,227,0,1,77,109,47,77,13,32,6,14,18,149,12,50,23,50,4,7,18,60,109,35,100,95,209
1991-580-MS059-2-26-f035-m093,australian-open,/en/scores/1991/580/MS059/match-stats?isLive=False,02:57:00,177,f035,224,6,2,59,104,50,59,35,45,0,0,20,138,21,83,31,63,4,9,20,85,104,52,146,137,250,m093,268,8,3,83,146,62,83,32,63,5,9,20,37,9,59,10,45,0,0,20,94,146,19,104,113,250
1991-580-MS051-2-25-b281-w029,australian-open,/en/scores/1991/580/MS051/match-stats?isLive=False,01:35:00,95,b281,273,1,5,35,70,30,35,18,35,1,2,11,297,18,33,16,23,8,8,11,48,70,34,56,82,126,w029,162,2,1,33,56,15,33,7,23,0,8,11,122,5,35,17,35,1,2,11,22,56,22,70,44,126
1991-580-MS043-2-24-k023-m012,australian-open,/en/scores/1991/580/MS043/match-stats?isLive=False,02:45:00,165,k023,248,3,3,83,134,53,83,26,51,10,16,21,173,38,100,31,48,7,20,20,79,134,69,148,148,282,m012,225,1,6,100,148,62,100,17,48,13,20,20,151,30,83,25,51,6,16,21,79,148,55,134,134,282
1991-580-MS052-2-23-c001-c260,australian-open,/en/scores/1991/580/MS052/match-stats?isLive=False,03:42:00,222,c001,249,10,8,121,204,83,121,36,83,23,29,26,141,29,89,28,64,6,15,25,119,204,57,153,176,357,c260,257,4,4,89,153,60,89,36,64,9,15,25,132,38,121,47,83,6,29,26,96,153,85,204,181,357
1991-580-MS035-2-22-c243-b051,australian-open,/en/scores/1991/580/MS035/match-stats?isLive=False,01:25:00,85,c243,222,7,3,49,69,40,49,13,20,0,0,13,185,19,47,17,29,5,11,12,53,69,36,76,89,145,b051,221,4,4,47,76,28,47,12,29,6,11,12,53,9,49,7,20,0,0,13,40,76,16,69,56,145
1991-580-MS036-2-21-a031-w133,australian-open,/en/scores/1991/580/MS036/match-stats?isLive=False,01:40:00,100,a031,269,7,3,58,81,39,58,10,23,3,5,12,254,29,54,12,18,8,12,12,49,81,41,72,90,153,w133,185,0,2,54,72,25,54,6,18,4,12,12,146,19,58,13,23,2,5,12,31,72,32,81,63,153
1991-580-MS062-2-20-c009-h223,australian-open,/en/scores/1991/580/MS062/match-stats?isLive=False,02:55:00,175,c009,258,5,5,67,128,55,67,27,61,5,9,21,150,34,92,25,53,6,16,21,82,128,59,145,141,273,h223,250,5,5,92,145,58,92,28,53,10,16,21,137,12,67,34,61,4,9,21,86,145,46,128,132,273
1991-580-MS054-2-19-c270-e061,australian-open,/en/scores/1991/580/MS054/match-stats?isLive=False,02:28:00,148,c270,261,9,5,66,117,43,66,30,51,5,9,18,190,24,69,26,41,7,13,18,73,117,50,110,123,227,e061,227,5,4,69,110,45,69,15,41,6,13,18,142,23,66,21,51,4,9,18,60,110,44,117,104,227
1991-580-MS033-2-18-c023-v014,australian-open,/en/scores/1991/580/MS033/match-stats?isLive=False,02:45:00,165,c023,277,5,7,75,119,55,75,22,44,3,4,16,144,17,59,21,45,3,6,16,77,119,38,104,115,223,v014,256,3,9,59,104,42,59,24,45,3,6,16,108,20,75,22,44,1,4,16,66,104,42,119,108,223
1991-580-MS049-2-17-c046-j006,australian-open,/en/scores/1991/580/MS049/match-stats?isLive=False,01:43:00,103,c046,300,6,0,0,75,33,42,22,33,2,3,14,186,25,54,20,37,6,15,13,55,75,45,91,100,166,j006,209,2,5,54,91,29,54,17,37,9,15,13,94,9,42,11,33,1,3,14,46,91,20,75,66,166
1991-580-MS061-2-16-e106-f031,australian-open,/en/scores/1991/580/MS061/match-stats?isLive=False,03:12:00,192,e106,259,13,7,95,148,63,95,27,53,9,15,22,177,31,93,42,69,8,17,22,90,148,73,162,163,310,f031,227,6,5,93,162,62,93,27,69,9,17,22,150,32,95,26,53,6,15,22,89,162,58,148,147,310
1991-580-MS060-2-15-f196-w001,australian-open,/en/scores/1991/580/MS060/match-stats?isLive=False,01:40:00,100,f196,297,2,3,66,90,54,66,12,24,0,1,15,153,30,81,20,40,4,10,15,66,90,50,121,116,211,w001,252,0,1,81,121,51,81,20,40,6,10,15,174,12,66,12,24,1,1,15,71,121,24,90,95,211
1991-580-MS041-2-14-g182-m030,australian-open,/en/scores/1991/580/MS041/match-stats?isLive=False,02:44:00,164,g182,274,1,3,98,135,59,98,24,37,8,12,19,192,36,91,27,46,7,12,20,83,135,63,137,146,272,m030,233,4,3,91,137,55,91,19,46,5,12,20,129,39,98,13,37,4,12,19,74,137,52,135,126,272
1991-580-MS044-2-13-k016-s331,australian-open,/en/scores/1991/580/MS044/match-stats?isLive=False,02:02:00,122,k016,268,8,3,59,105,36,59,28,46,9,11,14,215,18,43,21,35,6,9,13,64,105,39,78,103,183,s331,207,5,4,43,78,25,43,14,35,3,9,13,110,23,59,18,46,2,11,14,39,78,41,105,80,183
1991-580-MS053-2-12-k214-k148,australian-open,/en/scores/1991/580/MS053/match-stats?isLive=False,02:24:00,144,k214,290,14,5,78,128,60,78,29,50,3,6,21,141,20,64,22,55,4,8,20,89,128,42,119,131,247,k148,260,3,6,64,119,44,64,33,55,4,8,20,129,18,78,21,50,3,6,21,77,119,39,128,116,247
1991-580-MS042-2-11-k030-d198,australian-open,/en/scores/1991/580/MS042/match-stats?isLive=False,02:01:00,121,k030,291,6,3,39,77,34,39,22,38,2,3,14,184,11,39,32,55,5,8,14,56,77,43,94,99,171,d198,220,5,4,39,94,28,39,23,55,3,8,14,95,5,39,16,38,1,3,14,51,94,21,77,72,171
1991-580-MS055-2-10-l010-l044,australian-open,/en/scores/1991/580/MS055/match-stats?isLive=False,02:50:00,170,l010,256,19,9,102,161,78,102,19,59,8,14,24,131,32,90,16,44,5,13,23,97,161,48,134,145,295,l044,270,1,4,90,134,58,90,28,44,8,13,23,160,24,102,40,59,6,14,24,86,134,64,161,150,295
1991-580-MS050-2-9-m048-a163,australian-open,/en/scores/1991/580/MS050/match-stats?isLive=False,02:45:00,165,m048,238,3,6,55,117,40,55,30,62,6,11,19,197,36,86,18,29,9,21,18,70,117,54,115,124,232,a163,217,1,5,86,115,50,86,11,29,12,21,18,150,15,55,32,62,5,11,19,61,115,47,117,108,232
1991-580-MS034-2-8-o076-m197,australian-open,/en/scores/1991/580/MS034/match-stats?isLive=False,01:41:00,101,o076,269,3,0,0,73,34,48,12,25,6,8,11,233,39,72,17,26,9,23,12,46,73,56,98,102,171,m197,179,1,1,72,98,33,72,9,26,14,23,12,124,14,48,13,25,2,8,11,42,98,27,73,69,171
1991-580-MS046-2-7-p050-m035,australian-open,/en/scores/1991/580/MS046/match-stats?isLive=False,01:22:00,82,p050,301,3,2,41,67,34,41,17,26,0,0,12,213,20,47,14,23,6,11,11,51,67,34,70,85,137,m035,204,0,4,47,70,27,47,9,23,5,11,11,52,7,41,9,26,0,0,12,36,70,16,67,52,137
1991-580-MS045-2-6-s381-s080,australian-open,/en/scores/1991/580/MS045/match-stats?isLive=False,03:20:00,200,s381,273,18,10,72,140,50,72,42,68,5,9,24,149,54,124,32,74,7,21,24,92,140,86,198,178,338,s080,243,2,5,124,198,70,124,42,74,14,21,24,129,22,72,26,68,4,9,24,112,198,48,140,160,338
1991-580-MS058-2-5-s351-j004,australian-open,/en/scores/1991/580/MS058/match-stats?isLive=False,02:07:00,127,s351,274,6,3,86,114,69,86,18,28,0,0,17,157,12,49,12,44,1,1,16,87,114,24,93,111,207,j004,301,6,0,49,93,37,49,32,44,0,1,16,56,17,86,10,28,0,0,17,69,93,27,114,96,207
1991-580-MS038-2-4-w023-s288,australian-open,/en/scores/1991/580/MS038/match-stats?isLive=False,03:05:00,185,w023,267,10,4,114,153,82,114,15,39,8,14,25,168,30,98,23,49,6,9,26,97,153,53,147,150,300,s288,270,6,1,98,147,68,98,26,49,3,9,26,157,32,114,24,39,6,14,25,94,147,56,153,150,300
1991-580-MS057-2-3-w136-b040,australian-open,/en/scores/1991/580/MS057/match-stats?isLive=False,02:52:00,172,w136,245,2,5,80,128,50,80,25,48,10,15,17,166,42,95,13,26,6,17,16,75,128,55,121,130,249,b040,248,1,0,95,121,53,95,13,26,11,17,16,148,30,80,23,48,5,15,17,66,121,53,128,119,249
1991-580-MS048-2-2-w035-s380,australian-open,/en/scores/1991/580/MS048/match-stats?isLive=False,01:51:00,111,w035,303,3,1,57,90,46,57,21,33,1,2,15,147,20,64,19,35,4,11,15,67,90,39,99,106,189,s380,257,8,4,64,99,44,64,16,35,7,11,15,111,11,57,12,33,1,2,15,60,99,23,90,83,189
1991-580-MS037-2-1-y017-s021,australian-open,/en/scores/1991/580/MS037/match-stats?isLive=False,02:05:00,125,y017,249,1,3,76,103,57,76,15,27,0,0,15,129,24,77,23,43,3,12,15,72,103,47,120,119,223,s021,259,7,8,77,120,53,77,20,43,9,12,15,69,19,76,12,27,0,0,15,73,120,31,103,104,223
1991-580-MS064-1-64-e004-p198,australian-open,/en/scores/1991/580/MS064/match-stats?isLive=False,01:54:00,114,e004,281,2,3,71,94,53,71,9,23,6,7,13,208,29,72,21,32,6,10,14,62,94,50,104,112,198,p198,219,1,2,72,104,43,72,11,32,4,10,14,107,18,71,14,23,1,7,13,54,104,32,94,86,198
1991-580-MS127-1-63-b028-b021,australian-open,/en/scores/1991/580/MS127/match-stats?isLive=False,02:30:00,150,b028,286,9,1,50,74,38,50,12,24,3,5,13,211,20,56,32,45,7,13,14,50,74,52,101,102,175,b021,197,1,2,56,101,36,56,13,45,6,13,14,129,12,50,12,24,2,5,13,49,101,24,74,73,175
1991-580-MS080-1-62-l018-b037,australian-open,/en/scores/1991/580/MS080/match-stats?isLive=False,01:35:00,95,l018,299,2,1,56,66,41,56,5,10,1,2,11,248,15,35,28,39,8,12,12,46,66,43,74,89,140,b037,165,1,1,35,74,20,35,11,39,4,12,12,136,15,56,5,10,1,2,11,31,74,20,66,51,140
1991-580-MS095-1-61-i034-b350,australian-open,/en/scores/1991/580/MS095/match-stats?isLive=False,01:50:00,110,i034,259,10,0,0,94,35,52,22,42,5,9,16,199,18,59,23,40,6,8,17,57,94,41,99,98,193,b350,239,4,1,59,99,41,59,17,40,2,8,17,150,17,52,20,42,4,9,16,58,99,37,94,95,193
1991-580-MS096-1-60-w035-s014,australian-open,/en/scores/1991/580/MS096/match-stats?isLive=False,02:49:00,169,w035,254,3,3,77,138,55,77,30,61,9,13,19,139,33,94,15,30,4,12,19,85,138,48,124,133,262,s014,271,5,3,94,124,61,94,15,30,8,12,19,132,22,77,31,61,4,13,19,76,124,53,138,129,262
1991-580-MS079-1-59-g016-w123,australian-open,/en/scores/1991/580/MS079/match-stats?isLive=False,03:05:00,185,g016,281,20,2,101,158,67,101,30,57,11,15,21,158,28,88,18,35,5,10,20,97,158,46,123,143,281,w123,276,15,3,88,123,60,88,17,35,5,10,20,127,34,101,27,57,4,15,21,77,123,61,158,138,281
1991-580-MS112-1-58-s101-c028,australian-open,/en/scores/1991/580/MS112/match-stats?isLive=False,01:36:00,96,s101,291,2,2,53,80,39,53,16,27,6,7,13,249,22,43,14,27,6,6,13,55,80,36,70,91,150,c028,211,1,1,43,70,21,43,13,27,0,6,13,88,14,53,11,27,1,7,13,34,70,25,80,59,150
1991-580-MS072-1-57-a031-c031,australian-open,/en/scores/1991/580/MS072/match-stats?isLive=False,02:53:00,173,a031,251,2,5,91,125,54,91,19,34,6,13,21,204,44,97,32,50,10,20,22,73,125,76,147,149,272,c031,207,0,4,97,147,53,97,18,50,10,20,22,172,37,91,15,34,7,13,21,71,147,52,125,123,272
1991-580-MS119-1-56-f035-s055,australian-open,/en/scores/1991/580/MS119/match-stats?isLive=False,01:52:00,112,f035,328,12,0,0,82,48,59,16,23,1,2,15,163,29,77,11,20,4,9,15,64,82,40,97,104,179,s055,260,4,3,77,97,48,77,9,20,5,9,15,105,11,59,7,23,1,2,15,57,97,18,82,75,179
1991-580-MS088-1-55-s331-h025,australian-open,/en/scores/1991/580/MS088/match-stats?isLive=False,03:20:00,200,s331,251,5,5,73,120,51,73,22,47,5,10,19,165,34,80,17,43,5,9,19,73,120,51,123,124,243,h025,262,6,0,80,123,46,80,26,43,4,9,19,159,22,73,25,47,5,10,19,72,123,47,120,119,243
1991-580-MS103-1-54-b281-l206,australian-open,/en/scores/1991/580/MS103/match-stats?isLive=False,01:50:00,110,b281,283,5,5,54,83,44,54,13,29,7,8,13,192,26,62,16,26,6,16,12,57,83,42,88,99,171,l206,223,7,0,62,88,36,62,10,26,10,16,12,94,10,54,16,29,1,8,13,46,88,26,83,72,171
1991-580-MS087-1-53-k023-y002,australian-open,/en/scores/1991/580/MS087/match-stats?isLive=False,01:55:00,115,k023,276,6,3,54,95,44,54,20,41,5,7,15,149,18,57,23,43,5,16,15,64,95,41,100,105,195,y002,236,2,4,57,100,39,57,20,43,11,16,15,112,10,54,21,41,2,7,15,59,100,31,95,90,195
1991-580-MS104-1-52-c260-r043,australian-open,/en/scores/1991/580/MS104/match-stats?isLive=False,03:48:00,228,c260,279,8,7,109,165,80,109,30,56,9,13,27,148,41,127,32,57,6,16,27,110,165,73,184,183,349,r043,261,9,6,127,184,86,127,25,57,10,16,27,118,29,109,26,56,4,13,27,111,184,55,165,166,349
1991-580-MS120-1-51-w001-r214,australian-open,/en/scores/1991/580/MS120/match-stats?isLive=False,03:17:00,197,w001,256,4,4,113,185,74,113,40,72,15,22,27,153,33,104,32,65,7,15,28,114,185,65,169,179,354,r214,256,10,10,104,169,71,104,33,65,8,15,28,136,39,113,32,72,7,22,27,104,169,71,185,175,354
1991-580-MS071-1-50-c243-g053,australian-open,/en/scores/1991/580/MS071/match-stats?isLive=False,01:45:00,105,c243,299,10,2,66,92,48,66,14,26,5,6,14,206,9,35,24,41,5,6,13,62,92,33,76,95,168,g053,219,4,7,35,76,26,35,17,41,1,6,13,97,18,66,12,26,1,6,14,43,76,30,92,73,168
1991-580-MS101-1-49-a163-r193,australian-open,/en/scores/1991/580/MS101/match-stats?isLive=False,01:43:00,103,a163,253,0,3,54,75,38,54,8,21,1,4,13,221,26,48,19,36,8,14,14,46,75,45,84,91,159,r193,191,0,1,48,84,22,48,17,36,6,14,14,190,16,54,13,21,3,4,13,39,84,29,75,68,159
1991-580-MS115-1-48-b040-p226,australian-open,/en/scores/1991/580/MS115/match-stats?isLive=False,02:36:00,156,b040,280,0,3,97,121,58,97,17,24,7,12,18,157,31,84,25,46,6,17,19,75,121,56,130,131,251,p226,243,6,5,84,130,53,84,21,46,11,17,19,138,39,97,7,24,5,12,18,74,130,46,121,120,251
1991-580-MS070-1-47-b051-p021,australian-open,/en/scores/1991/580/MS070/match-stats?isLive=False,02:00:00,120,b051,263,2,1,52,80,38,52,13,28,7,10,14,227,28,54,18,33,8,12,15,51,80,46,87,97,167,p021,199,2,4,54,87,26,54,15,33,4,12,15,132,14,52,15,28,3,10,14,41,87,29,80,70,167
1991-580-MS105-1-46-c001-c011,australian-open,/en/scores/1991/580/MS105/match-stats?isLive=False,01:10:00,70,c001,289,2,3,50,70,40,50,14,20,0,0,13,216,16,49,16,26,5,6,13,54,70,32,75,86,145,c011,229,1,3,49,75,33,49,10,26,1,6,13,50,10,50,6,20,0,0,13,43,75,16,70,59,145
1991-580-MS124-1-45-c009-z045,australian-open,/en/scores/1991/580/MS124/match-stats?isLive=False,02:55:00,175,c009,292,10,2,60,118,47,60,38,58,2,4,19,121,30,93,20,50,4,14,20,85,118,50,143,135,261,z045,288,17,2,93,143,63,93,30,50,10,14,20,116,13,60,20,58,2,4,19,93,143,33,118,126,261
1991-580-MS108-1-44-c270-d049,australian-open,/en/scores/1991/580/MS108/match-stats?isLive=False,02:25:00,145,c270,272,3,5,96,134,59,96,22,38,11,14,18,178,21,63,27,47,6,11,18,81,134,48,110,129,244,d049,228,5,10,63,110,42,63,20,47,5,11,18,118,37,96,16,38,3,14,18,62,110,53,134,115,244
1991-580-MS066-1-43-c023-n025,australian-open,/en/scores/1991/580/MS066/match-stats?isLive=False,01:50:00,110,c023,280,2,3,54,82,36,54,18,28,5,7,13,206,28,59,16,28,7,16,12,54,82,44,87,98,169,n025,205,1,1,59,87,31,59,12,28,9,16,12,113,18,54,10,28,2,7,13,43,87,28,82,71,169
1991-580-MS113-1-42-c252-c246,australian-open,/en/scores/1991/580/MS113/match-stats?isLive=False,02:35:00,155,c252,290,3,4,93,122,60,93,18,29,10,12,18,205,33,77,23,43,8,13,17,78,122,56,120,134,242,c246,219,2,3,77,120,44,77,20,43,5,13,17,101,33,93,11,29,2,12,18,64,120,44,122,108,242
1991-580-MS099-1-41-c046-k133,australian-open,/en/scores/1991/580/MS099/match-stats?isLive=False,01:39:00,99,c046,289,7,2,50,84,38,50,19,34,7,8,13,207,20,47,23,39,6,11,12,57,84,43,86,100,170,k133,197,1,7,47,86,27,47,16,39,5,11,12,88,12,50,15,34,1,8,13,43,86,27,84,70,170
1991-580-MS081-1-40-d004-a028,australian-open,/en/scores/1991/580/MS081/match-stats?isLive=False,02:38:00,158,d004,233,3,6,75,121,49,75,20,46,10,16,18,197,29,75,36,54,9,22,18,69,121,65,129,134,250,a028,203,3,2,75,129,46,75,18,54,13,22,18,163,26,75,26,46,6,16,18,64,129,52,121,116,250
1991-580-MS085-1-39-d198-f041,australian-open,/en/scores/1991/580/MS085/match-stats?isLive=False,02:32:00,152,d198,233,8,5,51,109,32,51,33,58,3,10,19,190,34,82,33,58,9,20,19,65,109,67,140,132,249,f041,211,2,4,82,140,48,82,25,58,11,20,19,186,19,51,25,58,7,10,19,73,140,44,109,117,249
1991-580-MS122-1-38-e106-w011,australian-open,/en/scores/1991/580/MS122/match-stats?isLive=False,02:35:00,155,e106,267,12,2,62,109,44,62,24,47,3,7,19,165,26,76,35,58,7,20,19,68,109,61,134,129,243,w011,228,12,10,76,134,50,76,23,58,13,20,19,156,18,62,23,47,4,7,19,73,134,41,109,114,243
1991-580-MS109-1-37-e061-e025,australian-open,/en/scores/1991/580/MS109/match-stats?isLive=False,03:31:00,211,e061,246,0,2,62,93,39,62,16,31,9,14,15,232,35,72,22,33,10,20,15,55,93,57,105,112,198,e025,186,3,3,72,105,37,72,11,33,10,20,15,154,23,62,15,31,5,14,15,48,105,38,93,86,198
1991-580-MS121-1-36-f196-l043,australian-open,/en/scores/1991/580/MS121/match-stats?isLive=False,01:25:00,85,f196,263,1,4,38,73,31,38,17,35,4,6,12,241,35,64,10,15,8,15,12,48,73,45,79,93,152,l043,191,0,1,64,79,29,64,5,15,7,15,12,118,7,38,18,35,2,6,12,34,79,25,73,59,152
1991-580-MS123-1-35-f031-f192,australian-open,/en/scores/1991/580/MS123/match-stats?isLive=False,01:20:00,80,f031,236,7,3,34,65,28,34,21,31,0,0,10,299,26,33,11,17,8,12,9,49,65,37,50,86,115,f192,132,0,1,33,50,7,33,6,17,4,12,9,50,6,34,10,31,0,0,10,13,50,16,65,29,115
1991-580-MS078-1-34-f164-d036,australian-open,/en/scores/1991/580/MS078/match-stats?isLive=False,02:13:00,133,f164,309,17,0,0,93,46,56,23,37,2,4,17,164,26,75,19,39,4,7,17,69,93,45,114,114,207,d036,257,7,8,75,114,49,75,20,39,3,7,17,117,10,56,14,37,2,4,17,69,114,24,93,93,207
1991-580-MS082-1-33-g182-m408,australian-open,/en/scores/1991/580/MS082/match-stats?isLive=False,01:15:00,75,g182,295,2,2,44,61,35,44,9,17,0,1,11,261,24,46,18,24,8,13,11,44,61,42,70,86,131,m408,159,0,7,46,70,22,46,6,24,5,13,11,176,9,44,8,17,1,1,11,28,70,17,61,45,131
1991-580-MS125-1-32-h223-s015,australian-open,/en/scores/1991/580/MS125/match-stats?isLive=False,02:12:00,132,h223,289,6,1,76,109,60,76,17,33,8,11,18,166,31,75,18,39,5,10,17,77,109,49,114,126,223,s015,248,1,2,75,114,44,75,21,39,5,10,17,112,16,76,16,33,3,11,18,65,114,32,109,97,223
1991-580-MS116-1-31-j004-h228,australian-open,/en/scores/1991/580/MS116/match-stats?isLive=False,03:23:00,203,j004,258,6,8,114,154,78,114,16,40,15,20,23,198,49,121,13,25,9,13,24,94,154,62,146,156,300,h228,254,4,3,121,146,72,121,12,25,4,13,24,138,36,114,24,40,5,20,23,84,146,60,154,144,300
1991-580-MS098-1-30-j006-m096,australian-open,/en/scores/1991/580/MS098/match-stats?isLive=False,01:20:00,80,j006,315,2,1,47,66,40,47,14,19,0,0,13,197,10,40,17,27,5,7,13,54,66,27,67,81,133,m096,234,3,2,40,67,30,40,10,27,2,7,13,41,7,47,5,19,0,0,13,40,67,12,66,52,133
1991-580-MS089-1-29-k016-p012,australian-open,/en/scores/1991/580/MS089/match-stats?isLive=False,02:46:00,166,k016,248,3,4,104,148,71,104,16,44,13,18,20,175,27,80,34,61,8,17,21,87,148,61,141,148,289,p012,227,6,7,80,141,53,80,27,61,9,17,21,149,33,104,28,44,5,18,20,80,141,61,148,141,289
1991-580-MS106-1-28-k148-v037,australian-open,/en/scores/1991/580/MS106/match-stats?isLive=False,02:32:00,152,k148,251,6,6,86,137,61,86,23,51,3,9,22,141,24,82,32,57,5,15,21,84,137,56,139,140,276,v037,252,4,2,82,139,58,82,25,57,10,15,21,178,25,86,28,51,6,9,22,83,139,53,137,136,276
1991-580-MS107-1-27-k214-s424,australian-open,/en/scores/1991/580/MS107/match-stats?isLive=False,02:02:00,122,k214,262,9,3,48,97,35,48,26,49,3,6,16,179,31,74,22,40,7,18,16,61,97,53,114,114,211,s424,222,1,3,74,114,43,74,18,40,11,18,16,142,13,48,23,49,3,6,16,61,114,36,97,97,211
1991-580-MS094-1-26-k024-j008,australian-open,/en/scores/1991/580/MS094/match-stats?isLive=False,01:01:00,61,k024,270,0,2,28,41,21,28,6,13,0,0,6,79,10,26,7,17,0,0,5,27,41,17,43,44,84,j008,120,0,1,26,43,16,26,10,17,0,0,5,79,7,28,7,13,0,0,6,26,43,14,41,40,84
1991-580-MS084-1-25-k030-r186,australian-open,/en/scores/1991/580/MS084/match-stats?isLive=False,02:19:00,139,k030,287,4,1,62,117,51,62,30,55,6,7,17,146,14,49,19,48,3,5,17,81,117,33,97,114,214,r186,266,3,1,49,97,35,49,29,48,2,5,17,82,11,62,25,55,1,7,17,64,97,36,117,100,214
1991-580-MS110-1-24-l010-r023,australian-open,/en/scores/1991/580/MS110/match-stats?isLive=False,03:23:00,203,l010,289,11,8,107,173,82,107,34,66,12,13,24,149,34,115,22,41,5,11,24,116,173,56,156,172,329,r023,270,3,2,115,156,81,115,19,41,6,11,24,83,25,107,32,66,1,13,24,100,156,57,173,157,329
1991-580-MS111-1-23-l044-l009,australian-open,/en/scores/1991/580/MS111/match-stats?isLive=False,02:31:00,151,l044,268,5,2,90,125,59,90,19,35,6,11,19,169,30,83,18,39,7,13,21,78,125,48,122,126,247,l009,268,19,3,83,122,53,83,21,39,6,13,21,151,31,90,16,35,5,11,19,74,122,47,125,121,247
1991-580-MS086-1-22-m012-s102,australian-open,/en/scores/1991/580/MS086/match-stats?isLive=False,01:28:00,88,m012,285,2,0,0,77,42,59,8,18,1,2,12,223,28,58,16,24,7,14,12,50,77,44,82,94,159,s102,199,6,4,58,82,30,58,8,24,7,14,12,143,17,59,10,18,1,2,12,38,82,27,77,65,159
1991-580-MS068-1-21-m197-c113,australian-open,/en/scores/1991/580/MS068/match-stats?isLive=False,02:58:00,178,m197,277,1,2,100,133,73,100,16,33,7,11,23,117,20,77,21,49,4,13,23,89,133,41,126,130,259,c113,273,2,3,77,126,57,77,28,49,9,13,23,132,27,100,17,33,4,11,23,85,126,44,133,129,259
1991-580-MS065-1-20-m031-p014,australian-open,/en/scores/1991/580/MS065/match-stats?isLive=False,03:40:00,220,m031,282,4,2,145,186,89,145,27,41,8,15,28,199,43,110,38,67,11,18,26,116,186,81,177,197,363,p014,219,1,5,110,177,67,110,29,67,7,18,26,145,56,145,14,41,7,15,28,96,177,70,186,166,363
1991-580-MS083-1-19-m030-s443,australian-open,/en/scores/1991/580/MS083/match-stats?isLive=False,01:21:00,81,m030,293,2,2,37,57,29,37,12,20,0,1,11,235,17,39,26,36,8,15,12,41,57,43,75,84,132,s443,164,3,8,39,75,22,39,10,36,7,15,12,171,8,37,8,20,1,1,11,32,75,16,57,48,132
1991-580-MS093-1-18-m035-k181,australian-open,/en/scores/1991/580/MS093/match-stats?isLive=False,03:02:00,182,m035,272,6,3,101,172,76,101,32,71,13,15,22,152,30,88,20,44,5,10,21,108,172,50,132,158,304,k181,261,2,5,88,132,58,88,24,44,5,10,21,102,25,101,39,71,2,15,22,82,132,64,172,146,304
1991-580-MS100-1-17-m048-h029,australian-open,/en/scores/1991/580/MS100/match-stats?isLive=False,03:42:00,222,m048,273,8,2,91,135,59,91,25,44,9,14,23,162,32,91,41,71,8,24,22,84,135,73,162,157,297,h029,225,8,9,91,162,59,91,30,71,16,24,22,135,32,91,19,44,5,14,23,89,162,51,135,140,297
1991-580-MS118-1-16-m093-f028,australian-open,/en/scores/1991/580/MS118/match-stats?isLive=False,02:05:00,125,m093,290,8,1,55,93,42,55,21,38,5,6,15,142,24,67,25,47,4,15,15,63,93,49,114,112,207,f028,237,1,7,67,114,43,67,22,47,11,15,15,92,13,55,17,38,1,6,15,65,114,30,93,95,207
1991-580-MS069-1-15-o076-a188,australian-open,/en/scores/1991/580/MS069/match-stats?isLive=False,01:51:00,111,o076,299,7,2,43,78,37,43,21,35,0,1,15,180,19,60,29,49,5,9,15,58,78,48,109,106,187,a188,233,7,4,60,109,41,60,20,49,4,9,15,160,6,43,14,35,1,1,15,61,109,20,78,81,187
1991-580-MS092-1-14-p050-p052,australian-open,/en/scores/1991/580/MS092/match-stats?isLive=False,02:00:00,120,p050,305,6,4,58,87,46,58,20,29,1,3,17,192,18,59,24,41,6,9,17,66,87,42,100,108,187,p052,231,2,4,59,100,41,59,17,41,3,9,17,130,12,58,9,29,2,3,17,58,100,21,87,79,187
1991-580-MS076-1-13-s288-t136,australian-open,/en/scores/1991/580/MS076/match-stats?isLive=False,02:46:00,166,s288,287,12,4,98,139,69,98,23,41,5,9,23,138,29,98,24,47,5,14,23,92,139,53,145,145,284,t136,263,3,5,98,145,69,98,23,47,9,14,23,135,29,98,18,41,4,9,23,92,145,47,139,139,284
1991-580-MS075-1-12-s021-s367,australian-open,/en/scores/1991/580/MS075/match-stats?isLive=False,02:00:00,120,s021,290,10,5,70,101,53,70,16,31,3,5,17,165,23,60,21,46,5,10,16,69,101,44,106,113,207,s367,241,4,4,60,106,37,60,25,46,5,10,16,123,17,70,15,31,2,5,17,62,106,32,101,94,207
1991-580-MS097-1-11-s380-c012,australian-open,/en/scores/1991/580/MS097/match-stats?isLive=False,02:30:00,150,s380,322,40,8,84,139,69,84,29,55,7,8,21,93,8,50,31,74,2,8,20,98,139,39,124,137,263,c012,269,7,10,50,124,42,50,43,74,6,8,20,82,15,84,26,55,1,8,21,85,124,41,139,126,263
1991-580-MS090-1-10-s381-a141,australian-open,/en/scores/1991/580/MS090/match-stats?isLive=False,01:37:00,97,s381,285,4,4,43,84,34,43,26,41,1,2,14,181,21,49,12,27,5,9,13,60,84,33,76,93,160,a141,238,0,0,49,76,28,49,15,27,4,9,13,115,9,43,15,41,1,2,14,43,76,24,84,67,160
1991-580-MS091-1-9-s080-p037,australian-open,/en/scores/1991/580/MS091/match-stats?isLive=False,01:33:00,93,s080,297,5,1,53,77,39,53,14,24,4,5,13,200,17,46,22,38,6,11,12,53,77,39,84,92,161,p037,209,1,2,46,84,29,46,16,38,5,11,12,95,14,53,10,24,1,5,13,45,84,24,77,69,161
1991-580-MS117-1-8-s351-w124,australian-open,/en/scores/1991/580/MS117/match-stats?isLive=False,03:25:00,205,s351,275,5,4,104,168,64,104,45,64,10,15,26,146,40,114,28,60,6,15,25,109,168,68,174,177,342,w124,263,7,4,114,174,74,114,32,60,9,15,25,120,40,104,19,64,5,15,26,106,174,59,168,165,342
1991-580-MS126-1-7-v002-g212,australian-open,/en/scores/1991/580/MS126/match-stats?isLive=False,02:41:00,161,v002,226,5,6,70,122,41,70,25,52,6,13,19,194,38,85,27,47,9,19,20,66,122,65,132,131,254,g212,213,1,5,85,132,47,85,20,47,10,19,20,183,29,70,27,52,7,13,19,67,132,56,122,123,254
1991-580-MS067-1-6-v014-k021,australian-open,/en/scores/1991/580/MS067/match-stats?isLive=False,01:57:00,117,v014,288,4,3,44,76,33,44,22,32,2,4,14,194,23,49,26,52,7,15,14,55,76,49,101,104,177,k021,200,2,4,49,101,26,49,26,52,8,15,14,120,11,44,10,32,2,4,14,52,101,21,76,73,177
1991-580-MS077-1-5-w023-d210,australian-open,/en/scores/1991/580/MS077/match-stats?isLive=False,02:15:00,135,w023,293,2,0,0,90,39,61,23,29,3,6,15,166,24,66,28,53,6,15,16,62,90,52,119,114,209,d210,226,3,5,66,119,42,66,25,53,9,15,16,127,22,61,6,29,3,6,15,67,119,28,90,95,209
1991-580-MS102-1-4-w029-j018,australian-open,/en/scores/1991/580/MS102/match-stats?isLive=False,01:14:00,74,w029,278,4,1,39,59,29,39,15,20,0,0,10,271,32,55,13,16,8,18,9,44,59,45,71,89,130,j018,145,0,4,55,71,23,55,3,16,10,18,9,51,10,39,5,20,0,0,10,26,71,15,59,41,130
1991-580-MS114-1-3-w136-k150,australian-open,/en/scores/1991/580/MS114/match-stats?isLive=False,02:18:00,138,w136,278,7,2,59,101,43,59,23,42,6,8,16,168,20,53,24,49,5,10,16,66,101,44,102,110,203,k150,238,5,0,53,102,33,53,25,49,5,10,16,109,16,59,19,42,2,8,16,58,102,35,101,93,203
1991-580-MS073-1-2-w133-j084,australian-open,/en/scores/1991/580/MS073/match-stats?isLive=False,04:03:00,243,w133,219,3,13,151,206,91,151,21,55,15,28,31,183,49,127,53,91,13,29,31,112,206,102,218,214,424,j084,230,14,3,127,218,78,127,38,91,16,29,31,189,60,151,34,55,13,28,31,116,218,94,206,210,424
1991-580-MS074-1-1-y017-v141,australian-open,/en/scores/1991/580/MS074/match-stats?isLive=False,01:25:00,85,y017,278,2,1,67,91,50,67,12,24,0,0,14,188,18,51,10,22,4,5,14,62,91,28,73,90,164,v141,262,3,2,51,73,33,51,12,22,1,5,14,75,17,67,12,24,0,0,14,45,73,29,91,74,164
1991-408-MS001-5-1-v037-c270,milan,/en/scores/1991/408/MS001/match-stats?isLive=False,01:20:00,80,v037,268,1,1,31,56,25,31,13,25,1,3,10,230,18,41,13,19,5,8,9,38,56,31,60,69,116,c270,197,0,3,41,60,23,41,6,19,3,8,9,154,6,31,12,25,2,3,10,29,60,18,56,47,116
1991-408-MS003-4-2-v037-h025,milan,/en/scores/1991/408/MS003/match-stats?isLive=False,01:20:00,80,v037,271,1,0,0,67,22,32,22,35,5,6,10,153,8,32,12,21,3,8,9,44,67,20,53,64,120,h025,248,6,2,32,53,24,32,9,21,5,8,9,95,10,32,13,35,1,6,10,33,53,23,67,56,120
1991-408-MS002-4-1-c270-s080,milan,/en/scores/1991/408/MS002/match-stats?isLive=False,03:00:00,180,c270,252,2,5,87,132,60,87,20,45,7,11,17,163,26,68,27,55,5,11,16,80,132,53,123,133,255,s080,235,0,1,68,123,42,68,28,55,6,11,16,146,27,87,25,45,4,11,17,70,123,52,132,122,255
1991-408-MS006-3-4-h025-g053,milan,/en/scores/1991/408/MS006/match-stats?isLive=False,00:58:00,58,h025,309,12,2,29,51,25,29,15,22,1,2,9,171,8,27,18,34,4,9,9,40,51,26,61,66,112,g053,219,7,4,27,61,19,27,16,34,5,9,9,107,4,29,7,22,1,2,9,35,61,11,51,46,112
1991-408-MS005-3-3-s080-k023,milan,/en/scores/1991/408/MS005/match-stats?isLive=False,01:28:00,88,s080,282,2,1,42,66,29,42,14,24,3,4,10,181,14,40,11,25,3,4,11,43,66,25,65,68,131,k023,254,1,2,40,65,26,40,14,25,1,4,11,108,13,42,10,24,1,4,10,40,65,23,66,63,131
1991-408-MS007-3-2-v037-c023,milan,/en/scores/1991/408/MS007/match-stats?isLive=False,01:25:00,85,v037,212,0,0,0,54,27,34,14,20,0,0,10,133,17,51,8,17,2,6,10,41,54,25,68,66,122,c023,280,6,1,51,68,34,51,9,17,4,6,10,51,7,34,6,20,0,0,10,43,68,13,54,56,122
1991-408-MS004-3-1-c270-k181,milan,/en/scores/1991/408/MS004/match-stats?isLive=False,01:15:00,75,c270,191,3,0,0,50,17,26,17,24,0,0,8,201,14,29,12,26,4,7,8,34,50,26,55,60,105,k181,211,2,0,29,55,15,29,14,26,3,7,8,64,9,26,7,24,0,0,8,29,55,16,50,45,105
1991-408-MS008-2-8-c270-l018,milan,/en/scores/1991/408/MS008/match-stats?isLive=False,02:25:00,145,c270,250,1,3,56,90,37,56,18,34,3,7,14,128,17,58,28,52,3,12,15,55,90,45,110,100,200,l018,255,9,4,58,110,41,58,24,52,9,12,15,166,19,56,16,34,4,7,14,65,110,35,90,100,200
1991-408-MS013-2-7-g053-c031,milan,/en/scores/1991/408/MS013/match-stats?isLive=False,01:20:00,80,g053,275,3,1,19,50,17,19,18,31,1,2,9,170,22,51,15,27,4,13,10,35,50,37,78,72,128,c031,229,4,1,51,78,29,51,12,27,9,13,10,114,2,19,13,31,1,2,9,41,78,15,50,56,128
1991-408-MS012-2-6-h025-j006,milan,/en/scores/1991/408/MS012/match-stats?isLive=False,02:07:00,127,h025,218,3,1,49,100,30,49,23,51,7,12,13,158,5,27,31,55,4,8,12,53,100,36,82,89,182,j006,228,5,1,27,82,22,27,24,55,4,8,12,174,19,49,28,51,5,12,13,46,82,47,100,93,182
1991-408-MS011-2-5-k023-c028,milan,/en/scores/1991/408/MS011/match-stats?isLive=False,00:09:00,9,k023,273,2,0,0,11,8,9,2,2,0,0,3,367,2,3,6,6,2,2,2,10,11,8,9,18,20,c028,67,1,0,3,9,1,3,0,0,0,2,2,11,1,9,0,0,0,0,3,0,0,0,0,0,0
1991-408-MS014-2-4-v037-j008,milan,/en/scores/1991/408/MS014/match-stats?isLive=False,02:02:00,122,v037,292,3,1,61,97,43,61,23,36,5,6,15,87,25,68,15,44,1,10,15,66,97,40,112,106,209,j008,285,3,1,68,112,43,68,29,44,9,10,15,89,18,61,13,36,1,6,15,72,112,31,97,103,209
1991-408-MS015-2-3-c023-p050,milan,/en/scores/1991/408/MS015/match-stats?isLive=False,01:31:00,91,c023,283,4,3,53,76,37,53,12,23,6,7,11,158,13,33,5,17,3,5,10,49,76,18,50,67,126,p050,267,0,1,33,50,20,33,12,17,2,5,10,101,16,53,11,23,1,7,11,32,50,27,76,59,126
1991-408-MS009-2-2-k181-n109,milan,/en/scores/1991/408/MS009/match-stats?isLive=False,01:32:00,92,k181,210,3,2,36,59,28,36,16,23,0,0,10,141,8,35,20,28,2,8,9,44,59,28,63,72,122,n109,239,6,6,35,63,27,35,8,28,6,8,9,52,8,36,7,23,0,0,10,35,63,15,59,50,122
1991-408-MS010-2-1-s080-n025,milan,/en/scores/1991/408/MS010/match-stats?isLive=False,02:08:00,128,s080,290,3,2,72,109,55,72,20,37,6,7,16,108,13,60,18,38,1,3,16,75,109,31,98,106,207,n025,294,13,4,60,98,47,60,20,38,2,3,16,90,17,72,17,37,1,7,16,67,98,34,109,101,207
1991-408-MS016-1-16-l018-l206,milan,/en/scores/1991/408/MS016/match-stats?isLive=False,02:21:00,141,l018,311,14,2,41,86,37,41,30,45,3,4,17,98,19,68,27,60,2,14,17,67,86,46,128,113,214,l206,275,8,1,68,128,49,68,33,60,12,14,17,73,4,41,15,45,1,4,17,82,128,19,86,101,214
1991-408-MS031-1-15-p050-i034,milan,/en/scores/1991/408/MS031/match-stats?isLive=False,01:30:00,90,p050,279,3,2,50,82,41,50,16,32,3,5,14,126,13,49,21,40,3,12,14,57,82,34,89,91,171,i034,261,10,3,49,89,36,49,19,40,9,12,14,122,9,50,16,32,2,5,14,55,89,25,82,80,171
1991-408-MS027-1-14-c031-s389,milan,/en/scores/1991/408/MS027/match-stats?isLive=False,,,,,,,,,,,,,,,,,,,,,,,,,,,,,,,,,,,,,,,,,,,,,,,,,,,,,,,,
1991-408-MS020-1-13-s080-c274,milan,/en/scores/1991/408/MS020/match-stats?isLive=False,01:25:00,85,s080,260,2,0,0,56,23,31,13,25,2,4,9,225,16,36,21,32,6,11,10,36,56,37,68,73,124,c274,181,2,4,36,68,20,36,11,32,5,11,10,146,8,31,12,25,2,4,9,31,68,20,56,51,124
1991-408-MS024-1-12-h025-w029,milan,/en/scores/1991/408/MS024/match-stats?isLive=False,01:24:00,84,h025,254,5,2,33,70,28,33,22,37,0,0,10,148,16,42,10,25,2,4,10,50,70,26,67,76,137,w029,265,3,3,42,67,26,42,15,25,2,4,10,56,5,33,15,37,0,0,10,41,67,20,70,61,137
1991-408-MS023-1-11-k023-m012,milan,/en/scores/1991/408/MS023/match-stats?isLive=False,00:49:00,49,k023,284,3,0,0,39,17,21,11,18,3,4,7,282,9,18,20,26,6,11,6,28,39,29,44,57,83,m012,112,2,4,18,44,9,18,6,26,5,11,6,97,4,21,7,18,1,4,7,15,44,11,39,26,83
1991-408-MS019-1-10-k181-r214,milan,/en/scores/1991/408/MS019/match-stats?isLive=False,01:07:00,67,k181,303,2,1,35,55,29,35,13,20,0,0,10,201,5,31,10,16,2,2,9,42,55,15,47,57,102,r214,267,7,5,31,47,26,31,6,16,0,2,9,52,6,35,7,20,0,0,10,32,47,13,55,45,102
1991-408-MS028-1-9-v037-p226,milan,/en/scores/1991/408/MS028/match-stats?isLive=False,01:59:00,119,v037,282,9,3,61,98,49,61,22,37,0,0,16,103,13,58,13,36,2,6,16,71,98,26,94,97,192,p226,295,4,0,58,94,45,58,23,36,4,6,16,61,12,61,15,37,0,0,16,68,94,27,98,95,192
1991-408-MS017-1-8-c270-l044,milan,/en/scores/1991/408/MS017/match-stats?isLive=False,01:14:00,74,c270,267,3,0,0,64,27,38,14,26,5,7,10,186,18,46,22,31,4,11,10,41,64,40,77,81,141,l044,205,3,8,46,77,28,46,9,31,7,11,10,124,11,38,12,26,2,7,10,37,77,23,64,60,141
1991-408-MS030-1-7-c023-c260,milan,/en/scores/1991/408/MS030/match-stats?isLive=False,02:39:00,159,c023,280,10,4,62,97,48,62,18,35,4,7,17,132,26,66,18,47,3,8,17,66,97,44,113,110,210,c260,256,0,7,66,113,40,66,29,47,5,8,17,132,14,62,17,35,3,7,17,69,113,31,97,100,210
1991-408-MS022-1-6-c028-k016,milan,/en/scores/1991/408/MS022/match-stats?isLive=False,01:40:00,100,c028,231,4,4,51,73,41,51,4,22,3,7,11,200,15,41,21,38,5,8,11,45,73,36,79,81,152,k016,213,0,1,41,79,26,41,17,38,3,8,11,195,10,51,18,22,4,7,11,43,79,28,73,71,152
1991-408-MS026-1-5-g053-m063,milan,/en/scores/1991/408/MS026/match-stats?isLive=False,01:18:00,78,g053,246,3,3,35,66,27,35,12,31,7,9,9,214,12,33,16,24,5,9,9,39,66,28,57,67,123,m063,207,9,1,33,57,21,33,8,24,4,9,9,128,8,35,19,31,2,9,9,29,57,27,66,56,123
1991-408-MS025-1-4-j006-r204,milan,/en/scores/1991/408/MS025/match-stats?isLive=False,,,,,,,,,,,,,,,,,,,,,,,,,,,,,,,,,,,,,,,,,,,,,,,,,,,,,,,,
1991-408-MS029-1-3-j008-v014,milan,/en/scores/1991/408/MS029/match-stats?isLive=False,01:20:00,80,j008,284,0,1,40,62,27,40,14,22,5,6,9,181,17,37,9,19,4,9,9,41,62,26,56,67,118,v014,227,3,4,37,56,20,37,10,19,5,9,9,97,13,40,8,22,1,6,9,30,56,21,62,51,118
1991-408-MS018-1-2-n109-c009,milan,/en/scores/1991/408/MS018/match-stats?isLive=False,01:42:00,102,n109,269,12,5,42,68,33,42,15,26,0,0,11,130,8,38,22,38,2,6,11,48,68,30,76,78,144,c009,250,3,5,38,76,30,38,16,38,4,6,11,63,9,42,11,26,0,0,11,46,76,20,68,66,144
1991-408-MS021-1-1-n025-a006,milan,/en/scores/1991/408/MS021/match-stats?isLive=False,01:04:00,64,n025,286,4,1,29,49,28,29,10,20,0,0,9,192,8,32,13,22,3,4,9,38,49,21,54,59,103,a006,244,3,0,32,54,24,32,9,22,1,4,9,53,1,29,10,20,0,0,9,33,54,11,49,44,103
