2021-7485-ms001-7-1-s0ag-sm37,antwerp,/en/scores/stats-centre/archive/2021/7485/ms001,s0ag,7,9,19,18,206,128,194,120,152,94,sm37,0,1,1,20,187,116,168,104,145,90
2021-7485-ms002-6-2-s0ag-hg86,antwerp,/en/scores/stats-centre/archive/2021/7485/ms002,s0ag,11,14,13,16,204,126,190,118,153,95,hg86,7,11,11,23,208,129,194,120,165,102
2021-7485-ms003-6-1-sm37-b0cd,antwerp,/en/scores/stats-centre/archive/2021/7485/ms003,sm37,10,11,15,15,185,114,169,105,141,87,b0cd,2,7,4,22,190,118,175,108,142,88
2021-7485-ms004-5-4-s0ag-rc91,antwerp,/en/scores/stats-centre/archive/2021/7485/ms004,s0ag,5,6,17,6,204,126,189,117,148,91,rc91,5,10,19,20,214,132,199,123,169,105
2021-7485-ms007-5-3-sm37-n0ae,antwerp,/en/scores/stats-centre/archive/2021/7485/ms007,sm37,7,10,12,7,193,119,172,106,144,89,n0ae,9,10,24,28,207,128,192,119,161,100
2021-7485-ms005-5-2-hg86-f724,antwerp,/en/scores/stats-centre/archive/2021/7485/ms005,hg86,12,19,19,11,213,132,200,124,155,96,f724,10,17,13,17,199,123,191,118,155,96
2021-7485-ms006-5-1-b0cd-dh50,antwerp,/en/scores/stats-centre/archive/2021/7485/ms006,b0cd,9,16,10,13,190,118,177,109,145,90,dh50,11,17,18,37,220,136,195,121,158,98
2021-7485-ms008-4-8-s0ag-m0ej,antwerp,/en/scores/stats-centre/archive/2021/7485/ms008,s0ag,14,19,10,11,207,128,195,121,152,94,m0ej,6,10,12,26,207,128,190,118,146,90
2021-7485-ms015-4-7-sm37-mc10,antwerp,/en/scores/stats-centre/archive/2021/7485/ms015,sm37,16,21,23,19,192,119,171,106,142,88,mc10,15,25,23,23,211,131,196,121,150,93
2021-7485-ms013-4-6-dh50-gd64,antwerp,/en/scores/stats-centre/archive/2021/7485/ms013,dh50,4,12,14,29,218,135,195,121,164,101,gd64,6,13,15,16,213,132,193,119,165,102
2021-7485-ms010-4-5-f724-bd06,antwerp,/en/scores/stats-centre/archive/2021/7485/ms010,f724,22,31,28,31,202,125,190,118,151,93,bd06,11,25,8,22,193,119,176,109,155,96
2021-7485-ms011-4-4-hg86-sl28,antwerp,/en/scores/stats-centre/archive/2021/7485/ms011,hg86,7,10,22,6,208,129,196,121,154,95,sl28,16,24,14,13,216,134,203,126,162,100
2021-7485-ms009-4-3-rc91-l987,antwerp,/en/scores/stats-centre/archive/2021/7485/ms009,rc91,18,22,30,22,217,134,201,124,169,105,l987,2,8,22,16,204,126,186,115,148,91
2021-7485-ms012-4-2-b0cd-v812,antwerp,/en/scores/stats-centre/archive/2021/7485/ms012,b0cd,7,7,6,7,188,116,179,111,144,89,v812,3,10,9,25,214,132,195,121,159,98
2021-7485-ms014-4-1-n0ae-l949,antwerp,/en/scores/stats-centre/archive/2021/7485/ms014,n0ae,17,28,19,19,210,130,190,118,161,100,l949,8,13,28,33,211,131,200,124,152,94
2021-7485-ms024-3-12-b0cd-o522,antwerp,/en/scores/stats-centre/archive/2021/7485/ms024,b0cd,9,13,17,6,190,118,178,110,142,88,o522,5,12,25,11,230,142,209,129,176,109
2021-7485-ms028-3-11-n0ae-dh58,antwerp,/en/scores/stats-centre/archive/2021/7485/ms028,n0ae,9,10,17,15,0,0,0,0,0,0,dh58,2,9,7,10,152,94,0,0,152,94
2021-7485-ms023-3-10-hg86-bu13,antwerp,/en/scores/stats-centre/archive/2021/7485/ms023,hg86,10,10,18,10,216,134,195,121,165,102,bu13,18,26,18,17,211,131,194,120,162,100
2021-7485-ms019-3-9-l987-g628,antwerp,/en/scores/stats-centre/archive/2021/7485/ms019,l987,9,15,22,21,205,127,193,119,148,91,g628,10,12,19,20,196,121,180,111,154,95
2021-7485-ms026-3-8-dh50-tc61,antwerp,/en/scores/stats-centre/archive/2021/7485/ms026,dh50,6,7,10,11,0,0,0,0,0,0,tc61,5,7,9,14,172,106,172,106,0,0
2021-7485-ms021-3-7-f724-db59,antwerp,/en/scores/stats-centre/archive/2021/7485/ms021,f724,4,5,16,7,0,0,0,0,0,0,db59,1,3,4,11,194,120,0,0,191,118
2021-7485-ms029-3-6-l949-pd31,antwerp,/en/scores/stats-centre/archive/2021/7485/ms029,l949,6,12,26,20,211,131,196,121,158,98,pd31,15,26,18,25,208,129,200,124,156,96
2021-7485-ms030-3-5-mc10-td51,antwerp,/en/scores/stats-centre/archive/2021/7485/ms030,mc10,20,30,46,21,209,129,194,120,160,99,td51,39,58,51,25,224,139,198,123,154,95
2021-7485-ms017-3-4-m0ej-ml57,antwerp,/en/scores/stats-centre/archive/2021/7485/ms017,m0ej,4,8,16,11,,,,,,,ml57,13,18,18,20,,,,,,
2021-7485-ms018-3-3-rc91-d874,antwerp,/en/scores/stats-centre/archive/2021/7485/ms018,rc91,20,23,23,23,215,133,197,122,170,105,d874,6,9,13,11,202,125,179,111,135,83
2021-7485-ms022-3-2-sl28-r772,antwerp,/en/scores/stats-centre/archive/2021/7485/ms022,sl28,3,4,22,9,,,,,,,r772,4,5,13,9,,,,,,
2021-7485-ms025-3-1-v812-p09z,antwerp,/en/scores/stats-centre/archive/2021/7485/ms025,v812,12,18,27,9,213,132,194,120,157,97,p09z,19,29,23,15,216,134,199,123,167,103
2021-7485-qs004-2-4-b0cd-gb93,antwerp,/en/scores/stats-centre/archive/2021/7485/qs004,b0cd,7,10,9,8,190,118,181,112,151,93,gb93,7,12,12,32,210,130,195,121,155,96
2021-7485-qs005-2-3-n0ae-h996,antwerp,/en/scores/stats-centre/archive/2021/7485/qs005,n0ae,7,10,15,10,201,124,188,116,165,102,h996,16,24,17,26,208,129,190,118,165,102
2021-7485-qs006-2-2-l949-cf59,antwerp,/en/scores/stats-centre/archive/2021/7485/qs006,l949,10,12,27,26,210,130,213,132,144,89,cf59,11,19,10,19,203,126,187,116,156,96
2021-7485-qs007-2-1-db59-sa93,antwerp,/en/scores/stats-centre/archive/2021/7485/qs007,db59,14,20,37,39,199,123,182,113,148,91,sa93,19,26,37,27,197,122,179,111,145,90
2021-7485-qs008-1-8-b0cd-gg65,antwerp,/en/scores/stats-centre/archive/2021/7485/qs008,b0cd,9,12,16,9,188,116,182,113,144,89,gg65,9,14,17,27,216,134,195,121,154,95
2021-7485-qs010-1-7-n0ae-v306,antwerp,/en/scores/stats-centre/archive/2021/7485/qs010,n0ae,9,14,22,17,202,125,186,115,160,99,v306,1,2,20,24,206,128,179,111,148,91
2021-7485-qs012-1-6-cf59-bi23,antwerp,/en/scores/stats-centre/archive/2021/7485/qs012,cf59,11,16,23,22,199,123,188,116,155,96,bi23,23,34,23,33,195,121,176,109,152,94
2021-7485-qs014-1-5-sa93-o0a2,antwerp,/en/scores/stats-centre/archive/2021/7485/qs014,sa93,16,18,18,32,192,119,180,111,147,91,o0a2,6,14,14,23,185,114,176,109,146,90
2021-7485-qs013-1-4-l949-h997,antwerp,/en/scores/stats-centre/archive/2021/7485/qs013,l949,6,9,21,19,205,127,201,124,148,91,h997,16,21,20,15,210,130,191,118,159,98
2021-7485-qs011-1-3-h996-r0dg,antwerp,/en/scores/stats-centre/archive/2021/7485/qs011,h996,18,24,17,11,210,130,189,117,168,104,r0dg,5,11,9,10,208,129,185,114,165,102
2021-7485-qs015-1-2-db59-kc04,antwerp,/en/scores/stats-centre/archive/2021/7485/qs015,db59,9,11,16,2,195,121,183,113,148,91,kc04,5,11,8,14,186,115,178,110,158,98
2021-7485-qs009-1-1-gb93-z419,antwerp,/en/scores/stats-centre/archive/2021/7485/qs009,gb93,0,1,10,13,210,130,193,119,164,101,z419,2,3,5,15,188,116,172,106,145,90
2021-337-ms001-7-1-z355-td51,vienna,/en/scores/stats-centre/archive/2021/337/ms001,z355,10,20,37,11,227,141,213,132,159,98,td51,10,18,20,13,223,138,196,121,151,93
2021-337-ms003-6-2-z355-a0e2,vienna,/en/scores/stats-centre/archive/2021/337/ms003,z355,3,5,20,8,226,140,211,131,163,101,a0e2,3,5,9,16,216,134,197,122,156,96
2021-337-ms002-6-1-td51-s0ag,vienna,/en/scores/stats-centre/archive/2021/337/ms002,td51,23,38,24,16,227,141,196,121,159,98,s0ag,11,20,29,21,205,127,193,119,154,95
2021-337-ms007-5-4-z355-ag37,vienna,/en/scores/stats-centre/archive/2021/337/ms007,z355,12,15,21,12,226,140,212,131,161,100,ag37,14,22,26,26,219,136,205,127,176,109
2021-337-ms006-5-3-a0e2-bk40,vienna,/en/scores/stats-centre/archive/2021/337/ms006,a0e2,16,24,24,21,218,135,197,122,158,98,bk40,19,25,29,30,227,141,210,130,174,108
2021-337-ms005-5-2-s0ag-rh16,vienna,/en/scores/stats-centre/archive/2021/337/ms005,s0ag,12,14,25,19,205,127,194,120,145,90,rh16,5,8,10,17,212,131,197,122,160,99
2021-337-ms004-5-1-td51-sm37,vienna,/en/scores/stats-centre/archive/2021/337/ms004,td51,21,32,34,25,227,141,204,126,151,93,sm37,12,20,12,14,190,118,168,104,143,88
2021-337-ms008-4-8-td51-te51,vienna,/en/scores/stats-centre/archive/2021/337/ms008,td51,17,27,25,17,223,138,205,127,157,97,te51,19,25,26,18,212,131,200,124,166,103
2021-337-ms015-4-7-z355-dh58,vienna,/en/scores/stats-centre/archive/2021/337/ms015,z355,11,16,27,26,232,144,211,131,168,104,dh58,15,19,13,15,204,126,190,118,157,97
2021-337-ms013-4-6-bk40-bg23,vienna,/en/scores/stats-centre/archive/2021/337/ms013,bk40,6,10,31,22,226,140,208,129,169,105,bg23,8,10,16,27,212,131,189,117,165,102
2021-337-ms010-4-5-rh16-su87,vienna,/en/scores/stats-centre/archive/2021/337/ms010,rh16,18,31,27,14,214,132,191,118,152,94,su87,22,36,35,26,218,135,200,124,157,97
2021-337-ms014-4-4-ag37-n771,vienna,/en/scores/stats-centre/archive/2021/337/ms014,ag37,23,33,40,46,214,132,201,124,167,103,n771,14,31,24,15,201,124,177,109,150,93
2021-337-ms011-4-3-s0ag-db59,vienna,/en/scores/stats-centre/archive/2021/337/ms011,s0ag,6,7,13,17,208,129,195,121,155,96,db59,3,8,8,17,207,128,195,121,153,95
2021-337-ms009-4-2-sm37-mc65,vienna,/en/scores/stats-centre/archive/2021/337/ms009,sm37,14,19,20,19,191,118,170,105,145,90,mc65,11,18,28,41,219,136,191,118,162,100
2021-337-ms012-4-1-a0e2-mc10,vienna,/en/scores/stats-centre/archive/2021/337/ms012,a0e2,10,21,24,16,218,135,196,121,159,98,mc10,14,17,16,25,211,131,198,123,154,95
2021-337-ms016-3-16-te51-d875,vienna,/en/scores/stats-centre/archive/2021/337/ms016,te51,19,21,21,11,216,134,205,127,163,101,d875,8,10,27,17,223,138,196,121,146,90
2021-337-ms031-3-15-z355-kb05,vienna,/en/scores/stats-centre/archive/2021/337/ms031,z355,10,13,24,12,233,144,232,144,176,109,kb05,8,13,7,14,199,123,186,115,153,95
2021-337-ms027-3-14-bk40-p09z,vienna,/en/scores/stats-centre/archive/2021/337/ms027,bk40,12,18,15,15,227,141,207,128,173,107,p09z,16,25,18,28,220,136,202,125,164,101
2021-337-ms020-3-13-rh16-hg86,vienna,/en/scores/stats-centre/archive/2021/337/ms020,rh16,7,11,21,10,215,133,193,119,156,96,hg86,11,15,27,27,215,133,201,124,150,93
2021-337-ms024-3-12-mc10-hb71,vienna,/en/scores/stats-centre/archive/2021/337/ms024,mc10,17,24,28,26,211,131,203,126,152,94,hb71,23,34,41,31,227,141,204,126,170,105
2021-337-ms028-3-11-ag37-be90,vienna,/en/scores/stats-centre/archive/2021/337/ms028,ag37,10,21,13,10,213,132,201,124,173,107,be90,11,18,9,28,197,122,182,113,155,96
2021-337-ms023-3-10-s0ag-o522,vienna,/en/scores/stats-centre/archive/2021/337/ms023,s0ag,4,4,9,4,205,127,190,118,151,93,o522,4,10,11,17,231,143,197,122,186,115
2021-337-ms019-3-9-sm37-f510,vienna,/en/scores/stats-centre/archive/2021/337/ms019,sm37,4,10,6,16,192,119,169,105,140,86,f510,11,14,16,37,192,119,176,109,158,98
2021-337-ms025-3-8-a0e2-e687,vienna,/en/scores/stats-centre/archive/2021/337/ms025,a0e2,15,21,20,14,216,134,188,116,155,96,e687,13,19,14,20,204,126,189,117,164,101
2021-337-ms026-3-7-bg23-cd85,vienna,/en/scores/stats-centre/archive/2021/337/ms026,bg23,7,9,30,32,208,129,188,116,162,100,cd85,7,9,28,32,210,130,190,118,145,90
2021-337-ms030-3-6-dh58-a678,vienna,/en/scores/stats-centre/archive/2021/337/ms030,dh58,13,19,16,11,203,126,188,116,156,96,a678,8,17,30,34,221,137,205,127,178,110
2021-337-ms018-3-5-mc65-m0ej,vienna,/en/scores/stats-centre/archive/2021/337/ms018,mc65,12,14,26,15,219,136,191,118,163,101,m0ej,9,19,6,20,212,131,188,116,150,93
2021-337-ms029-3-4-n771-f724,vienna,/en/scores/stats-centre/archive/2021/337/ms029,n771,11,19,10,10,197,122,180,111,146,90,f724,13,23,24,24,203,126,192,119,160,99
2021-337-ms022-3-3-db59-ml57,vienna,/en/scores/stats-centre/archive/2021/337/ms022,db59,10,18,25,16,208,129,194,120,156,96,ml57,8,13,14,13,220,136,205,127,166,103
2021-337-ms021-3-2-su87-ke73,vienna,/en/scores/stats-centre/archive/2021/337/ms021,su87,12,19,16,10,216,134,204,126,164,101,ke73,13,21,9,17,198,123,188,116,153,95
2021-337-ms017-3-1-td51-l987,vienna,/en/scores/stats-centre/archive/2021/337/ms017,td51,25,34,21,12,213,132,185,114,143,88,l987,9,19,16,18,204,126,185,114,152,94
2021-337-qs004-2-4-td51-mo55,vienna,/en/scores/stats-centre/archive/2021/337/qs004,td51,32,50,38,20,215,133,192,119,159,98,mo55,19,31,34,9,203,126,183,113,153,95
2021-337-qs006-2-3-a678-cf59,vienna,/en/scores/stats-centre/archive/2021/337/qs006,a678,29,47,53,29,226,140,206,128,182,113,cf59,18,20,30,10,206,128,189,117,157,97
2021-337-qs007-2-2-ml57-ke73,vienna,/en/scores/stats-centre/archive/2021/337/qs007,ml57,17,22,21,21,214,132,199,123,165,102,ke73,8,15,16,18,199,123,181,112,158,98
2021-337-qs005-2-1-p09z-gb93,vienna,/en/scores/stats-centre/archive/2021/337/qs005,p09z,9,16,28,42,214,132,199,123,173,107,gb93,19,28,30,46,213,132,198,123,162,100
2021-337-qs008-1-8-td51-mv14,vienna,/en/scores/stats-centre/archive/2021/337/qs008,td51,17,31,25,20,217,134,192,119,156,96,mv14,11,27,21,23,201,124,176,109,153,95
2021-337-qs010-1-7-gb93-gc88,vienna,/en/scores/stats-centre/archive/2021/337/qs010,gb93,16,22,32,33,214,132,198,123,160,99,gc88,7,13,6,10,201,124,187,116,152,94
2021-337-qs012-1-6-a678-r09x,vienna,/en/scores/stats-centre/archive/2021/337/qs012,a678,11,17,24,10,225,139,204,126,184,114,r09x,5,9,12,13,205,127,181,112,151,93
2021-337-qs014-1-5-ke73-bi81,vienna,/en/scores/stats-centre/archive/2021/337/qs014,ke73,10,15,29,11,201,124,177,109,162,100,bi81,8,13,20,17,194,120,177,109,152,94
2021-337-qs015-1-4-ml57-e928,vienna,/en/scores/stats-centre/archive/2021/337/qs015,ml57,12,18,30,14,215,133,198,123,160,99,e928,11,21,30,20,204,126,188,116,160,99
2021-337-qs011-1-3-p09z-l397,vienna,/en/scores/stats-centre/archive/2021/337/qs011,p09z,19,28,35,15,221,137,197,122,167,103,l397,18,20,27,29,218,135,201,124,163,101
2021-337-qs013-1-2-cf59-s0la,vienna,/en/scores/stats-centre/archive/2021/337/qs013,cf59,20,28,20,12,200,124,190,118,157,97,s0la,27,47,31,20,214,132,197,122,160,99
2021-337-qs009-1-1-mo55-g967,vienna,/en/scores/stats-centre/archive/2021/337/qs009,mo55,4,5,18,13,202,125,186,115,151,93,g967,11,22,27,31,210,130,196,121,161,100
2021-568-ms001-7-1-c977-fb98,st-petersburg,/en/scores/stats-centre/archive/2021/568/ms001,c977,14,17,33,39,219,136,203,126,160,99,fb98,5,13,22,26,223,138,202,125,155,96
2021-568-ms003-6-2-fb98-sl28,st-petersburg,/en/scores/stats-centre/archive/2021/568/ms003,fb98,15,18,36,20,224,139,202,125,166,103,sl28,20,31,26,24,220,136,203,126,170,105
2021-568-ms002-6-1-c977-v812,st-petersburg,/en/scores/stats-centre/archive/2021/568/ms002,c977,8,9,20,11,218,135,200,124,157,97,v812,3,7,5,13,210,130,182,113,168,104
2021-568-ms004-5-4-v812-re44,st-petersburg,/en/scores/stats-centre/archive/2021/568/ms004,v812,14,19,33,13,211,131,196,121,147,91,re44,9,20,22,15,209,129,192,119,134,83
2021-568-ms007-5-3-sl28-su55,st-petersburg,/en/scores/stats-centre/archive/2021/568/ms007,sl28,13,18,13,13,221,137,202,125,167,103,su55,5,15,13,22,216,134,196,121,170,105
2021-568-ms005-5-2-c977-bd06,st-petersburg,/en/scores/stats-centre/archive/2021/568/ms005,c977,9,15,72,26,218,135,200,124,153,95,bd06,2,5,55,9,188,116,172,106,149,92
2021-568-ms006-5-1-fb98-mh30,st-petersburg,/en/scores/stats-centre/archive/2021/568/ms006,fb98,4,8,11,16,223,138,201,124,161,100,mh30,4,6,10,23,198,123,184,114,149,92
2021-568-ms008-4-8-re44-i305,st-petersburg,/en/scores/stats-centre/archive/2021/568/ms008,re44,5,7,26,16,220,136,196,121,146,90,i305,8,10,15,23,212,131,197,122,157,97
2021-568-ms015-4-7-su55-a596,st-petersburg,/en/scores/stats-centre/archive/2021/568/ms015,su55,1,2,38,8,216,134,206,128,164,101,a596,0,2,15,4,187,116,177,109,144,89
2021-568-ms010-4-6-bd06-mk66,st-petersburg,/en/scores/stats-centre/archive/2021/568/ms010,bd06,9,10,15,11,188,116,173,107,147,91,mk66,14,26,15,20,198,123,182,113,152,94
2021-568-ms013-4-5-mh30-kc56,st-petersburg,/en/scores/stats-centre/archive/2021/568/ms013,mh30,4,6,11,6,195,121,186,115,149,92,kc56,4,8,17,23,205,127,283,175,183,113
2021-568-ms012-4-4-fb98-pl56,st-petersburg,/en/scores/stats-centre/archive/2021/568/ms012,fb98,7,11,23,13,220,136,201,124,161,100,pl56,14,21,24,11,220,136,200,124,158,98
2021-568-ms011-4-3-c977-ke29,st-petersburg,/en/scores/stats-centre/archive/2021/568/ms011,c977,19,19,40,28,219,136,201,124,153,95,ke29,10,18,19,24,208,129,197,122,166,103
2021-568-ms014-4-2-sl28-bk92,st-petersburg,/en/scores/stats-centre/archive/2021/568/ms014,sl28,17,28,19,10,223,138,207,128,159,98,bk92,5,17,24,22,221,137,208,129,169,105
2021-568-ms009-4-1-v812-k0ah,st-petersburg,/en/scores/stats-centre/archive/2021/568/ms009,v812,12,14,32,11,214,132,191,118,144,89,k0ah,7,14,16,15,204,126,187,116,157,97
2021-568-ms024-3-12-fb98-rh24,st-petersburg,/en/scores/stats-centre/archive/2021/568/ms024,fb98,4,4,23,17,225,139,201,124,160,99,rh24,2,3,7,23,214,132,198,123,155,96
2021-568-ms023-3-11-ke29-me82,st-petersburg,/en/scores/stats-centre/archive/2021/568/ms023,ke29,6,8,15,15,211,131,198,123,175,108,me82,7,10,16,37,198,123,185,114,155,96
2021-568-ms028-3-10-bk92-td47,st-petersburg,/en/scores/stats-centre/archive/2021/568/ms028,bk92,11,16,26,20,227,141,213,132,163,101,td47,4,12,11,11,219,136,193,119,157,97
2021-568-ms019-3-9-k0ah-sp80,st-petersburg,/en/scores/stats-centre/archive/2021/568/ms019,k0ah,5,6,25,15,204,126,186,115,157,97,sp80,12,18,21,19,213,132,202,125,172,106
2021-568-ms030-3-8-a596-d874,st-petersburg,/en/scores/stats-centre/archive/2021/568/ms030,a596,9,12,11,21,194,120,183,113,147,91,d874,4,6,13,28,196,121,178,110,158,98
2021-568-ms022-3-7-c977-r772,st-petersburg,/en/scores/stats-centre/archive/2021/568/ms022,c977,7,8,15,21,221,137,204,126,156,96,r772,4,7,6,19,190,118,174,108,151,93
2021-568-ms017-3-6-i305-db63,st-petersburg,/en/scores/stats-centre/archive/2021/568/ms017,i305,8,11,8,14,207,128,196,121,152,94,db63,1,5,8,21,200,124,187,116,157,97
2021-568-ms021-3-5-mk66-gc89,st-petersburg,/en/scores/stats-centre/archive/2021/568/ms021,mk66,6,9,8,19,196,121,182,113,150,93,gc89,10,13,10,29,203,126,192,119,168,104
2021-568-ms026-3-4-mh30-o674,st-petersburg,/en/scores/stats-centre/archive/2021/568/ms026,mh30,5,8,14,9,195,121,182,113,137,85,o674,2,6,4,19,204,126,185,114,141,87
2021-568-ms025-3-3-pl56-mo44,st-petersburg,/en/scores/stats-centre/archive/2021/568/ms025,pl56,16,19,23,8,217,134,191,118,151,93,mo44,11,21,9,14,191,118,182,113,159,98
2021-568-ms029-3-2-sl28-d994,st-petersburg,/en/scores/stats-centre/archive/2021/568/ms029,sl28,12,15,51,10,221,137,210,130,162,100,d994,5,11,42,10,216,134,199,123,161,100
2021-568-ms018-3-1-v812-n732,st-petersburg,/en/scores/stats-centre/archive/2021/568/ms018,v812,12,16,21,17,213,132,189,117,148,91,n732,10,19,10,16,187,116,164,101,136,84
2021-568-qs004-2-4-v812-d864,st-petersburg,/en/scores/stats-centre/archive/2021/568/qs004,v812,8,9,42,11,212,131,195,121,148,91,d864,12,18,38,20,198,123,188,116,157,97
2021-568-qs007-2-3-n732-ki95,st-petersburg,/en/scores/stats-centre/archive/2021/568/qs007,n732,10,15,51,7,193,119,163,101,137,85,ki95,8,16,53,12,199,123,183,113,164,101
2021-568-qs005-2-2-rh24-pg20,st-petersburg,/en/scores/stats-centre/archive/2021/568/qs005,rh24,6,11,55,22,211,131,193,119,149,92,pg20,5,7,42,19,209,129,197,122,152,94
2021-568-qs006-2-1-gc89-a829,st-petersburg,/en/scores/stats-centre/archive/2021/568/qs006,gc89,10,17,36,14,201,124,190,118,169,105,a829,5,10,24,20,197,122,172,106,148,91
2021-568-qs008-1-8-v812-pg94,st-petersburg,/en/scores/stats-centre/archive/2021/568/qs008,v812,11,17,14,17,211,131,179,111,132,82,pg94,6,10,5,19,192,119,203,126,147,91
2021-568-qs010-1-7-pg20-bm95,st-petersburg,/en/scores/stats-centre/archive/2021/568/qs010,pg20,7,11,24,32,212,131,228,141,168,104,bm95,16,22,27,41,208,129,184,114,151,93
2021-568-qs012-1-6-a829-ce77,st-petersburg,/en/scores/stats-centre/archive/2021/568/qs012,a829,17,27,25,25,191,118,173,107,143,88,ce77,5,11,15,30,196,121,175,108,145,90
2021-568-qs014-1-5-ki95-kd87,st-petersburg,/en/scores/stats-centre/archive/2021/568/qs014,ki95,10,16,19,17,201,124,181,112,156,96,kd87,18,27,24,34,202,125,193,119,137,85
2021-568-qs011-1-4-rh24-sd32,st-petersburg,/en/scores/stats-centre/archive/2021/568/qs011,rh24,10,11,12,18,207,128,226,140,124,77,sd32,2,5,10,25,197,122,166,103,125,77
2021-568-qs015-1-3-n732-sx50,st-petersburg,/en/scores/stats-centre/archive/2021/568/qs015,n732,10,13,14,8,201,124,191,118,114,70,sx50,8,19,16,25,211,131,175,108,177,109
2021-568-qs009-1-2-d864-y268,st-petersburg,/en/scores/stats-centre/archive/2021/568/qs009,d864,9,12,19,20,200,124,182,113,127,78,y268,6,9,9,23,193,119,222,137,112,69
2021-568-qs013-1-1-gc89-d923,st-petersburg,/en/scores/stats-centre/archive/2021/568/qs013,gc89,10,25,15,18,201,124,226,140,162,100,d923,11,16,12,22,182,113,157,97,140,86
2021-352-ms001-8-1-d643-mm58,paris,/en/scores/stats-centre/archive/2021/352/ms001,d643,25,33,37,31,205,127,192,119,143,88,mm58,7,11,31,21,211,131,197,122,146,90
2021-352-ms002-7-2-d643-hb71,paris,/en/scores/stats-centre/archive/2021/352/ms002,d643,10,21,22,21,204,126,187,116,148,91,hb71,20,26,33,27,225,139,203,126,157,97
2021-352-ms003-7-1-mm58-z355,paris,/en/scores/stats-centre/archive/2021/352/ms003,mm58,7,9,10,8,214,132,202,125,141,87,z355,10,18,17,26,220,136,200,124,153,95
2021-352-ms004-6-4-d643-fb98,paris,/en/scores/stats-centre/archive/2021/352/ms004,d643,7,8,19,16,203,126,191,118,149,92,fb98,4,6,14,22,218,135,200,124,163,101
2021-352-ms007-6-3-mm58-g09o,paris,/en/scores/stats-centre/archive/2021/352/ms007,mm58,17,25,31,28,211,131,197,122,158,98,g09o,12,22,19,16,190,118,166,103,137,85
2021-352-ms006-6-2-z355-rh16,paris,/en/scores/stats-centre/archive/2021/352/ms006,z355,20,20,33,15,219,136,208,129,154,95,rh16,8,11,19,5,208,129,192,119,157,97
2021-352-ms005-6-1-hb71-d994,paris,/en/scores/stats-centre/archive/2021/352/ms005,hb71,19,32,38,21,224,139,207,128,158,98,d994,21,34,25,30,214,132,193,119,154,95
2021-352-ms015-5-7-mm58-k0ah,paris,/en/scores/stats-centre/archive/2021/352/ms015,mm58,10,18,17,16,206,128,188,116,163,101,k0ah,16,23,23,38,208,129,192,119,156,96
2021-352-ms013-5-6-z355-d875,paris,/en/scores/stats-centre/archive/2021/352/ms013,z355,14,21,38,24,226,140,210,130,154,95,d875,19,23,25,29,217,134,197,122,148,91
2021-352-ms012-5-5-rh16-gc88,paris,/en/scores/stats-centre/archive/2021/352/ms012,rh16,9,12,24,18,212,131,195,121,155,96,gc88,9,15,5,11,199,123,175,108,140,86
2021-352-ms011-5-4-hb71-ke73,paris,/en/scores/stats-centre/archive/2021/352/ms011,hb71,19,26,38,26,224,139,201,124,156,96,ke73,12,22,28,27,192,119,177,109,157,97
2021-352-ms009-5-3-fb98-n771,paris,/en/scores/stats-centre/archive/2021/352/ms009,fb98,7,9,26,26,223,138,202,125,156,96,n771,11,13,17,22,196,121,173,107,142,88
2021-352-ms010-5-2-d994-p09z,paris,/en/scores/stats-centre/archive/2021/352/ms010,d994,15,29,20,12,212,131,193,119,161,100,p09z,13,30,23,27,214,132,200,124,172,106
2021-352-ms014-5-1-g09o-a0e2,paris,/en/scores/stats-centre/archive/2021/352/ms014,g09o,10,15,13,14,194,120,174,108,141,87,a0e2,14,31,14,27,218,135,194,120,158,98
2021-352-ms016-4-16-d643-f724,paris,/en/scores/stats-centre/archive/2021/352/ms016,d643,21,29,20,21,203,126,188,116,145,90,f724,13,15,22,29,201,124,190,118,158,98
2021-352-ms031-4-15-mm58-i305,paris,/en/scores/stats-centre/archive/2021/352/ms031,mm58,7,9,20,24,213,132,196,121,151,93,i305,14,22,14,23,211,131,191,118,150,93
2021-352-ms020-4-14-p09z-te51,paris,/en/scores/stats-centre/archive/2021/352/ms020,p09z,6,8,14,3,211,131,198,123,159,98,te51,4,5,7,1,214,132,199,123,161,100
2021-352-ms027-4-13-z355-l987,paris,/en/scores/stats-centre/archive/2021/352/ms027,z355,15,27,28,22,224,139,208,129,166,103,l987,6,7,19,22,205,127,190,118,150,93
2021-352-ms019-4-12-fb98-re44,paris,/en/scores/stats-centre/archive/2021/352/ms019,fb98,4,7,27,17,223,138,201,124,166,103,re44,7,9,18,17,214,132,208,129,143,88
2021-352-ms024-4-11-rh16-bk92,paris,/en/scores/stats-centre/archive/2021/352/ms024,rh16,12,19,15,8,210,130,192,119,164,101,bk92,10,19,24,31,223,138,220,136,148,91
2021-352-ms023-4-10-hb71-pl56,paris,/en/scores/stats-centre/archive/2021/352/ms023,hb71,7,16,29,19,229,142,206,128,161,100,pl56,11,21,19,28,216,134,190,118,152,94
2021-352-ms028-4-9-a0e2-s0ag,paris,/en/scores/stats-centre/archive/2021/352/ms028,a0e2,12,16,24,26,217,134,194,120,154,95,s0ag,10,26,13,28,206,128,192,119,155,96
2021-352-ms022-4-8-ke73-ag37,paris,/en/scores/stats-centre/archive/2021/352/ms022,ke73,9,10,16,16,205,127,177,109,160,99,ag37,8,17,20,32,212,131,201,124,172,106
2021-352-ms018-4-7-n771-o522,paris,/en/scores/stats-centre/archive/2021/352/ms018,n771,1,2,14,5,194,120,172,106,143,88,o522,10,15,19,25,228,141,212,131,161,100
2021-352-ms025-4-6-gc88-sm37,paris,/en/scores/stats-centre/archive/2021/352/ms025,gc88,14,22,21,19,207,128,186,115,146,90,sm37,22,33,33,36,192,119,172,106,139,86
2021-352-ms029-4-5-g09o-cd85,paris,/en/scores/stats-centre/archive/2021/352/ms029,g09o,19,27,23,25,202,125,170,105,139,86,cd85,20,36,38,37,204,126,182,113,149,92
2021-352-ms017-4-4-mc65-me82,paris,/en/scores/stats-centre/archive/2021/352/ms017,mc65,11,12,31,40,218,135,188,116,161,100,me82,14,25,22,29,198,123,183,113,146,90
2021-352-ms026-4-3-d875-ke29,paris,/en/scores/stats-centre/archive/2021/352/ms026,d875,14,18,30,18,217,134,197,122,150,93,ke29,16,22,17,31,209,129,197,122,162,100
2021-352-ms021-4-2-d994-m0ej,paris,/en/scores/stats-centre/archive/2021/352/ms021,d994,32,47,39,17,212,131,198,123,154,95,m0ej,9,17,28,27,205,127,184,114,150,93
2021-352-ms030-4-1-k0ah-c977,paris,/en/scores/stats-centre/archive/2021/352/ms030,k0ah,9,12,18,12,204,126,188,116,160,99,c977,6,8,12,15,215,133,204,126,158,98
2021-352-ms044-3-24-ag37-ml57,paris,/en/scores/stats-centre/archive/2021/352/ms044,ag37,16,21,24,16,216,134,203,126,170,105,ml57,12,17,29,19,219,136,196,121,160,99
2021-352-ms036-3-23-n771-d874,paris,/en/scores/stats-centre/archive/2021/352/ms036,n771,4,4,8,16,199,123,180,111,139,86,d874,2,4,7,21,198,123,199,123,154,95
2021-352-ms051-3-22-sm37-mh30,paris,/en/scores/stats-centre/archive/2021/352/ms051,sm37,11,15,34,44,191,118,168,104,139,86,mh30,15,32,20,34,197,122,186,115,139,86
2021-352-ms059-3-21-cd85-pd31,paris,/en/scores/stats-centre/archive/2021/352/ms059,cd85,10,14,20,12,208,129,184,114,155,96,pd31,13,21,23,23,210,130,202,125,155,96
2021-352-ms060-3-20-k0ah-kc56,paris,/en/scores/stats-centre/archive/2021/352/ms060,k0ah,11,19,30,31,210,130,192,119,163,101,kc56,7,13,31,45,212,131,193,119,167,103
2021-352-ms043-3-19-d994-bd06,paris,/en/scores/stats-centre/archive/2021/352/ms043,d994,27,39,36,36,219,136,200,124,152,94,bd06,22,29,38,21,190,118,175,108,150,93
2021-352-ms035-3-18-mc65-ki95,paris,/en/scores/stats-centre/archive/2021/352/ms035,mc65,17,22,54,34,221,137,194,120,164,101,ki95,15,24,13,14,201,124,189,117,150,93
2021-352-ms052-3-17-d875-g628,paris,/en/scores/stats-centre/archive/2021/352/ms052,d875,11,14,21,18,218,135,197,122,153,95,g628,12,23,19,35,204,126,180,111,154,95
2021-352-ms057-3-16-a0e2-h996,paris,/en/scores/stats-centre/archive/2021/352/ms057,a0e2,15,28,19,16,215,133,194,120,158,98,h996,40,56,40,43,215,133,197,122,165,102
2021-352-ms049-3-15-bk92-e687,paris,/en/scores/stats-centre/archive/2021/352/ms049,bk92,18,37,39,35,224,139,210,130,179,111,e687,20,31,29,15,206,128,187,116,159,98
2021-352-ms061-3-14-c977-dh50,paris,/en/scores/stats-centre/archive/2021/352/ms061,c977,5,10,19,16,220,136,204,126,164,101,dh50,8,9,19,20,218,135,191,118,161,100
2021-352-ms038-3-13-fb98-su87,paris,/en/scores/stats-centre/archive/2021/352/ms038,fb98,12,17,29,16,221,137,197,122,151,93,su87,8,13,29,23,218,135,206,128,164,101
2021-352-ms033-3-12-f724-f510,paris,/en/scores/stats-centre/archive/2021/352/ms033,f724,10,14,25,31,203,126,193,119,154,95,f510,13,20,29,44,201,124,183,113,146,90
2021-352-ms058-3-11-g09o-rc91,paris,/en/scores/stats-centre/archive/2021/352/ms058,g09o,16,24,28,18,199,123,174,108,140,86,rc91,23,37,34,30,218,135,212,131,174,108
2021-352-ms050-3-10-gc88-td51,paris,/en/scores/stats-centre/archive/2021/352/ms050,gc88,9,20,28,14,207,128,187,116,146,90,td51,31,49,36,35,224,139,191,118,152,94
2021-352-ms062-3-9-i305-r772,paris,/en/scores/stats-centre/archive/2021/352/ms062,i305,5,10,27,19,212,131,181,112,144,89,r772,7,8,13,22,205,127,198,123,150,93
2021-352-ms053-3-8-ke29-y268,paris,/en/scores/stats-centre/archive/2021/352/ms053,ke29,11,14,27,25,209,129,192,119,161,100,y268,8,12,11,33,200,124,179,111,149,92
2021-352-ms045-3-7-ke73-mc10,paris,/en/scores/stats-centre/archive/2021/352/ms045,ke73,16,31,38,39,194,120,180,111,161,100,mc10,15,27,30,36,212,131,191,118,147,91
2021-352-ms054-3-6-l987-mk66,paris,/en/scores/stats-centre/archive/2021/352/ms054,l987,8,11,15,9,201,124,182,113,140,86,mk66,15,20,17,17,204,126,195,121,156,96
2021-352-ms034-3-5-me82-bg23,paris,/en/scores/stats-centre/archive/2021/352/ms034,me82,9,9,10,11,200,124,185,114,136,84,bg23,3,9,6,32,210,130,190,118,159,98
2021-352-ms042-3-4-m0ej-db63,paris,/en/scores/stats-centre/archive/2021/352/ms042,m0ej,9,16,13,21,206,128,189,117,150,93,db63,24,28,29,43,204,126,192,119,158,98
2021-352-ms037-3-3-o522-kb05,paris,/en/scores/stats-centre/archive/2021/352/ms037,o522,6,7,37,14,232,144,201,124,177,109,kb05,5,8,19,11,192,119,182,113,159,98
2021-352-ms046-3-2-pl56-sl28,paris,/en/scores/stats-centre/archive/2021/352/ms046,pl56,8,12,19,19,217,134,187,116,154,95,sl28,10,23,9,22,217,134,199,123,167,103
2021-352-ms041-3-1-p09z-dh58,paris,/en/scores/stats-centre/archive/2021/352/ms041,p09z,7,13,14,16,222,137,201,124,162,100,dh58,4,7,7,20,205,127,184,114,156,96
2021-352-qs008-2-7-pl56-p09z,paris,/en/scores/stats-centre/archive/2021/352/qs008,pl56,22,46,40,27,221,137,187,116,156,96,p09z,17,24,32,46,212,131,199,123,167,103
2021-352-qs010-2-6-b0cd-cf59,paris,/en/scores/stats-centre/archive/2021/352/qs010,b0cd,21,29,20,34,183,113,152,94,132,82,cf59,16,19,22,47,203,126,183,113,150,93
2021-352-qs011-2-5-gc88-gb93,paris,/en/scores/stats-centre/archive/2021/352/qs011,gc88,10,12,17,15,203,126,186,115,145,90,gb93,13,19,17,33,212,131,203,126,154,95
2021-352-qs013-2-4-ki95-ke73,paris,/en/scores/stats-centre/archive/2021/352/qs013,ki95,8,8,12,8,202,125,187,116,160,99,ke73,3,6,14,18,201,124,182,113,159,98
2021-352-qs012-2-3-g09o-m0ej,paris,/en/scores/stats-centre/archive/2021/352/qs012,g09o,17,25,25,20,196,121,176,109,137,85,m0ej,20,40,32,26,208,129,188,116,148,91
2021-352-qs014-2-2-ml57-n732,paris,/en/scores/stats-centre/archive/2021/352/qs014,ml57,20,25,35,32,216,134,195,121,167,103,n732,8,16,13,21,192,119,163,101,138,85
2021-352-qs009-2-1-y268-sa93,paris,/en/scores/stats-centre/archive/2021/352/qs009,y268,5,7,15,12,197,122,173,107,143,88,sa93,5,11,9,31,192,119,179,111,144,89
2021-352-qs016-1-14-pl56-ta12,paris,/en/scores/stats-centre/archive/2021/352/qs016,pl56,15,27,20,16,218,135,191,118,151,93,ta12,10,16,22,38,209,129,188,116,154,95
2021-352-qs018-1-13-sa93-mo44,paris,/en/scores/stats-centre/archive/2021/352/qs018,sa93,13,21,22,27,197,122,179,111,144,89,mo44,14,21,17,26,190,118,181,112,153,95
2021-352-qs020-1-12-b0cd-g967,paris,/en/scores/stats-centre/archive/2021/352/qs020,b0cd,5,9,21,24,190,118,169,105,138,85,g967,19,31,40,54,208,129,197,122,151,93
2021-352-qs022-1-11-gc88-sd32,paris,/en/scores/stats-centre/archive/2021/352/qs022,gc88,17,26,46,38,206,128,189,117,144,89,sd32,12,16,27,25,200,124,166,103,131,81
2021-352-qs024-1-10-g09o-a678,paris,/en/scores/stats-centre/archive/2021/352/qs024,g09o,19,23,44,29,200,124,175,108,149,92,a678,28,41,51,37,220,136,203,126,175,108
2021-352-qs026-1-9-ke73-m0g4,paris,/en/scores/stats-centre/archive/2021/352/qs026,ke73,13,24,26,33,190,118,174,108,153,95,m0g4,17,22,18,29,198,123,183,113,155,96
2021-352-qs028-1-8-n732-bm95,paris,/en/scores/stats-centre/archive/2021/352/qs028,n732,15,21,12,25,195,121,169,105,137,85,bm95,19,22,27,39,211,131,193,119,161,100
2021-352-qs025-1-7-m0ej-pf39,paris,/en/scores/stats-centre/archive/2021/352/qs025,m0ej,13,21,23,18,204,126,189,117,147,91,pf39,22,42,17,34,218,135,199,123,153,95
2021-352-qs029-1-6-ml57-l949,paris,/en/scores/stats-centre/archive/2021/352/qs029,ml57,7,8,22,21,216,134,195,121,168,104,l949,5,8,24,27,203,126,192,119,153,95
2021-352-qs027-1-5-ki95-gc89,paris,/en/scores/stats-centre/archive/2021/352/qs027,ki95,3,5,18,19,203,126,195,121,149,92,gc89,11,20,12,29,203,126,191,118,170,105
2021-352-qs023-1-4-gb93-ce77,paris,/en/scores/stats-centre/archive/2021/352/qs023,gb93,15,21,25,43,209,129,196,121,155,96,ce77,6,9,14,24,197,122,174,108,150,93
2021-352-qs017-1-3-p09z-f0f1,paris,/en/scores/stats-centre/archive/2021/352/qs017,p09z,12,16,18,26,214,132,201,124,172,106,f0f1,2,6,11,21,211,131,193,119,160,99
2021-352-qs021-1-2-cf59-v0dz,paris,/en/scores/stats-centre/archive/2021/352/qs021,cf59,12,16,17,20,202,125,182,113,147,91,v0dz,6,9,11,30,207,128,187,116,142,88
2021-352-qs019-1-1-y268-te16,paris,/en/scores/stats-centre/archive/2021/352/qs019,y268,4,7,19,27,201,124,174,108,142,88,te16,16,26,24,53,207,128,196,121,156,96
2021-429-ms001-7-1-pl56-su55,stockholm,/en/scores/stats-centre/archive/2021/429/ms001,pl56,17,26,16,23,217,134,193,119,161,100,su55,17,27,23,28,216,134,193,119,167,103
2021-429-ms003-6-2-su55-ag37,stockholm,/en/scores/stats-centre/archive/2021/429/ms003,su55,15,19,26,24,220,136,200,124,172,106,ag37,5,11,12,12,214,132,204,126,174,108
2021-429-ms002-6-1-pl56-td51,stockholm,/en/scores/stats-centre/archive/2021/429/ms002,pl56,16,26,42,18,219,136,189,117,164,101,td51,12,22,31,28,221,137,193,119,169,105
2021-429-ms007-5-4-ag37-v812,stockholm,/en/scores/stats-centre/archive/2021/429/ms007,ag37,11,17,26,10,217,134,202,125,162,100,v812,9,13,20,21,209,129,189,117,150,93
2021-429-ms006-5-3-su55-rc91,stockholm,/en/scores/stats-centre/archive/2021/429/ms006,su55,11,16,36,23,219,136,197,122,168,104,rc91,16,22,27,18,213,132,196,121,174,108
2021-429-ms005-5-2-td51-e687,stockholm,/en/scores/stats-centre/archive/2021/429/ms005,td51,16,28,31,24,221,137,195,121,152,94,e687,10,19,20,14,204,126,179,111,156,96
2021-429-ms004-5-1-pl56-mc10,stockholm,/en/scores/stats-centre/archive/2021/429/ms004,pl56,38,45,28,20,213,132,192,119,158,98,mc10,6,9,13,22,210,130,182,113,144,89
2021-429-ms008-4-8-mc10-s0ag,stockholm,/en/scores/stats-centre/archive/2021/429/ms008,mc10,7,14,22,22,209,129,195,121,141,87,s0ag,14,24,19,25,203,126,190,118,154,95
2021-429-ms015-4-7-ag37-kb05,stockholm,/en/scores/stats-centre/archive/2021/429/ms015,ag37,11,17,31,16,215,133,203,126,169,105,kb05,7,11,6,12,199,123,187,116,153,95
2021-429-ms013-4-6-su55-va08,stockholm,/en/scores/stats-centre/archive/2021/429/ms013,su55,12,17,28,14,221,137,202,125,174,108,va08,15,39,12,10,220,136,196,121,157,97
2021-429-ms010-4-5-e687-dh50,stockholm,/en/scores/stats-centre/archive/2021/429/ms010,e687,0,0,3,2,,,,,,,dh50,0,0,5,1,,,,,,
2021-429-ms009-4-4-pl56-fb98,stockholm,/en/scores/stats-centre/archive/2021/429/ms009,pl56,12,15,15,19,214,132,178,110,152,94,fb98,6,14,12,30,214,132,194,120,166,103
2021-429-ms014-4-3-v812-f724,stockholm,/en/scores/stats-centre/archive/2021/429/ms014,v812,0,0,5,4,,,,,,,f724,0,0,10,1,,,,,,
2021-429-ms011-4-2-td51-mo44,stockholm,/en/scores/stats-centre/archive/2021/429/ms011,td51,20,26,29,12,224,139,191,118,152,94,mo44,9,15,22,15,191,118,183,113,153,95
2021-429-ms012-4-1-rc91-kc04,stockholm,/en/scores/stats-centre/archive/2021/429/ms012,rc91,0,0,11,1,,,,,,,kc04,0,0,2,3,,,,,,
2021-429-ms019-3-12-fb98-gc89,stockholm,/en/scores/stats-centre/archive/2021/429/ms019,fb98,1,3,19,15,227,141,197,122,154,95,gc89,10,11,14,25,203,126,194,120,169,105
2021-429-ms024-3-11-rc91-bk92,stockholm,/en/scores/stats-centre/archive/2021/429/ms024,rc91,5,6,5,4,214,132,218,135,163,101,bk92,2,5,5,16,216,134,187,116,154,95
2021-429-ms028-3-10-f724-me82,stockholm,/en/scores/stats-centre/archive/2021/429/ms028,f724,4,5,17,5,202,125,194,120,154,95,me82,7,11,11,18,200,124,172,106,137,85
2021-429-ms023-3-9-td51-y218,stockholm,/en/scores/stats-centre/archive/2021/429/ms023,td51,18,27,19,18,214,132,190,118,140,86,y218,12,19,19,19,206,128,186,115,163,101
2021-429-ms021-3-8-dh50-mk66,stockholm,/en/scores/stats-centre/archive/2021/429/ms021,dh50,17,22,22,30,218,135,195,121,163,101,mk66,18,24,32,38,203,126,185,114,156,96
2021-429-ms025-3-7-kc04-g967,stockholm,/en/scores/stats-centre/archive/2021/429/ms025,kc04,16,20,29,37,193,119,180,111,158,98,g967,15,31,39,43,205,127,189,117,151,93
2021-429-ms030-3-6-kb05-i165,stockholm,/en/scores/stats-centre/archive/2021/429/ms030,kb05,8,10,20,7,194,120,183,113,152,94,i165,6,9,14,17,197,122,184,114,151,93
2021-429-ms022-3-5-mo44-rh24,stockholm,/en/scores/stats-centre/archive/2021/429/ms022,mo44,21,34,21,24,194,120,180,111,151,93,rh24,36,54,36,44,219,136,194,120,151,93
2021-429-ms017-3-4-mc10-dc76,stockholm,/en/scores/stats-centre/archive/2021/429/ms017,mc10,7,12,17,5,206,128,187,116,143,88,dc76,11,17,29,27,201,124,191,118,156,96
2021-429-ms018-3-3-pl56-b0jg,stockholm,/en/scores/stats-centre/archive/2021/429/ms018,pl56,11,16,16,18,217,134,188,116,157,97,b0jg,7,8,11,22,215,133,196,121,167,103
2021-429-ms029-3-2-v812-sp80,stockholm,/en/scores/stats-centre/archive/2021/429/ms029,v812,0,0,13,2,,,,,,,sp80,0,0,10,2,,,,,,
2021-429-ms026-3-1-va08-k09f,stockholm,/en/scores/stats-centre/archive/2021/429/ms026,va08,23,40,19,10,220,136,204,126,162,100,k09f,10,19,10,13,206,128,184,114,148,91
2021-429-qs004-2-4-k09f-gc89,stockholm,/en/scores/stats-centre/archive/2021/429/qs004,k09f,0,0,8,0,,,,,,,gc89,0,0,7,3,,,,,,
2021-429-qs005-2-3-i165-kc04,stockholm,/en/scores/stats-centre/archive/2021/429/qs005,i165,11,14,20,15,193,119,180,111,146,90,kc04,9,13,20,24,193,119,181,112,151,93
2021-429-qs006-2-2-va08-sp80,stockholm,/en/scores/stats-centre/archive/2021/429/qs006,va08,0,0,14,4,,,,,,,sp80,0,0,8,3,,,,,,
2021-429-qs007-2-1-dc76-mb53,stockholm,/en/scores/stats-centre/archive/2021/429/qs007,dc76,14,21,27,29,203,126,189,117,150,93,mb53,5,8,4,15,190,118,178,110,147,91
2021-7696-ms001-3-1-a0e2-k0ah,intesa-sanpaolo-next-gen-atp-finals,/en/scores/stats-centre/archive/2021/7696/ms001,a0e2,10,15,14,13,219,136,196,121,168,104,k0ah,12,18,10,17,210,130,193,119,168,104
2021-7696-ms002-2-2-a0e2-b0bi,intesa-sanpaolo-next-gen-atp-finals,/en/scores/stats-centre/archive/2021/7696/ms002,a0e2,6,13,19,5,219,136,199,123,160,99,b0bi,3,5,6,11,187,116,172,106,160,99
2021-7696-ms003-2-1-k0ah-n0ae,intesa-sanpaolo-next-gen-atp-finals,/en/scores/stats-centre/archive/2021/7696/ms003,k0ah,12,20,30,27,208,129,192,119,167,103,n0ae,7,9,18,12,201,124,187,116,161,100
2021-7696-ms016-1-12-k0ah-m0ej,intesa-sanpaolo-next-gen-atp-finals,/en/scores/stats-centre/archive/2021/7696/ms016,k0ah,11,14,19,9,205,127,191,118,160,99,m0ej,8,12,8,10,208,129,191,118,162,100
2021-7696-ms021-1-11-b0bi-g09o,intesa-sanpaolo-next-gen-atp-finals,/en/scores/stats-centre/archive/2021/7696/ms021,b0bi,10,16,25,11,186,115,172,106,154,95,g09o,12,20,7,15,184,114,166,103,132,82
2021-7696-ms009-1-10-a0e2-c0c8,intesa-sanpaolo-next-gen-atp-finals,/en/scores/stats-centre/archive/2021/7696/ms009,a0e2,18,24,24,20,217,134,198,123,168,104,c0c8,3,7,6,13,188,116,161,100,146,90
2021-7696-ms012-1-9-n0ae-r0dg,intesa-sanpaolo-next-gen-atp-finals,/en/scores/stats-centre/archive/2021/7696/ms012,n0ae,16,23,15,18,203,126,187,116,160,99,r0dg,9,12,24,25,213,132,194,120,167,103
2021-7696-ms017-1-8-k0ah-b0bi,intesa-sanpaolo-next-gen-atp-finals,/en/scores/stats-centre/archive/2021/7696/ms017,k0ah,11,18,19,14,207,128,189,117,157,97,b0bi,5,6,11,14,204,126,174,108,164,101
2021-7696-ms020-1-7-m0ej-g09o,intesa-sanpaolo-next-gen-atp-finals,/en/scores/stats-centre/archive/2021/7696/ms020,m0ej,22,37,29,25,208,129,191,118,152,94,g09o,29,47,37,19,183,113,159,98,131,81
2021-7696-ms008-1-6-a0e2-n0ae,intesa-sanpaolo-next-gen-atp-finals,/en/scores/stats-centre/archive/2021/7696/ms008,a0e2,9,12,21,14,217,134,194,120,157,97,n0ae,7,12,9,12,203,126,190,118,164,101
2021-7696-ms013-1-5-r0dg-c0c8,intesa-sanpaolo-next-gen-atp-finals,/en/scores/stats-centre/archive/2021/7696/ms013,r0dg,16,19,21,17,211,131,192,119,157,97,c0c8,5,9,7,18,186,115,163,101,145,90
2021-7696-ms018-1-4-k0ah-g09o,intesa-sanpaolo-next-gen-atp-finals,/en/scores/stats-centre/archive/2021/7696/ms018,k0ah,16,31,34,23,209,129,192,119,159,98,g09o,15,22,14,18,186,115,166,103,138,85
2021-7696-ms019-1-3-b0bi-m0ej,intesa-sanpaolo-next-gen-atp-finals,/en/scores/stats-centre/archive/2021/7696/ms019,b0bi,17,23,24,18,205,127,172,106,145,90,m0ej,9,19,15,21,209,129,181,112,151,93
2021-7696-ms010-1-2-a0e2-r0dg,intesa-sanpaolo-next-gen-atp-finals,/en/scores/stats-centre/archive/2021/7696/ms010,a0e2,14,17,23,11,220,136,200,124,166,103,r0dg,7,12,12,8,209,129,195,121,167,103
2021-7696-ms011-1-1-n0ae-c0c8,intesa-sanpaolo-next-gen-atp-finals,/en/scores/stats-centre/archive/2021/7696/ms011,n0ae,19,27,24,22,202,125,187,116,156,96,c0c8,1,1,8,16,183,113,159,98,138,85
2021-605-ms001-3-1-z355-mm58,nitto-atp-finals,/en/scores/stats-centre/archive/2021/605/ms001,z355,15,19,25,10,227,141,208,129,160,99,mm58,4,6,17,12,217,134,199,123,156,96
2021-605-ms002-2-2-z355-d643,nitto-atp-finals,/en/scores/stats-centre/archive/2021/605/ms002,z355,3,4,39,16,228,141,211,131,160,99,d643,3,4,36,25,209,129,195,121,151,93
2021-605-ms003-2-1-mm58-rh16,nitto-atp-finals,/en/scores/stats-centre/archive/2021/605/ms003,mm58,1,3,3,2,211,131,196,121,143,88,rh16,2,2,1,3,211,131,199,123,157,97
2021-605-ms008-1-12-d643-n771,nitto-atp-finals,/en/scores/stats-centre/archive/2021/605/ms008,d643,9,13,22,10,206,128,191,118,159,98,n771,3,8,10,18,200,124,187,116,150,93
2021-605-ms013-1-11-rh16-re44,nitto-atp-finals,/en/scores/stats-centre/archive/2021/605/ms013,rh16,13,19,36,25,217,134,197,122,163,101,re44,16,17,37,14,217,134,199,123,134,83
2021-605-ms017-1-10-mm58-s0ag,nitto-atp-finals,/en/scores/stats-centre/archive/2021/605/ms017,mm58,8,12,46,25,217,134,202,125,168,104,s0ag,21,25,24,27,208,129,196,121,149,92
2021-605-ms020-1-9-z355-hb71,nitto-atp-finals,/en/scores/stats-centre/archive/2021/605/ms020,z355,5,8,25,6,226,140,209,129,163,101,hb71,5,9,18,15,217,134,212,131,160,99
2021-605-ms009-1-8-d643-re44,nitto-atp-finals,/en/scores/stats-centre/archive/2021/605/ms009,d643,1,1,21,7,206,128,190,118,148,91,re44,0,1,16,21,215,133,198,123,150,93
2021-605-ms012-1-7-rh16-n771,nitto-atp-finals,/en/scores/stats-centre/archive/2021/605/ms012,rh16,7,9,32,20,211,131,196,121,158,98,n771,18,23,25,17,200,124,182,113,149,92
2021-605-ms016-1-6-mm58-z355,nitto-atp-finals,/en/scores/stats-centre/archive/2021/605/ms016,mm58,4,5,35,27,216,134,199,123,154,95,z355,10,19,47,26,225,139,207,128,157,97
2021-605-ms021-1-5-s0ag-hb71,nitto-atp-finals,/en/scores/stats-centre/archive/2021/605/ms021,s0ag,3,3,17,11,207,128,198,123,153,95,hb71,0,1,14,14,219,136,202,125,163,101
2021-605-ms010-1-4-d643-rh16,nitto-atp-finals,/en/scores/stats-centre/archive/2021/605/ms010,d643,10,14,24,12,206,128,189,117,141,87,rh16,8,14,24,20,215,133,199,123,156,96
2021-605-ms011-1-3-re44-te51,nitto-atp-finals,/en/scores/stats-centre/archive/2021/605/ms011,re44,1,2,32,7,217,134,200,124,141,87,te51,2,2,31,16,222,137,204,126,160,99
2021-605-ms018-1-2-mm58-hb71,nitto-atp-finals,/en/scores/stats-centre/archive/2021/605/ms018,mm58,12,13,30,8,213,132,197,122,155,96,hb71,14,22,31,17,221,137,203,126,163,101
2021-605-ms019-1-1-z355-bk40,nitto-atp-finals,/en/scores/stats-centre/archive/2021/605/ms019,z355,6,9,21,8,234,145,216,134,151,93,bk40,7,9,18,23,228,141,209,129,170,105
